Titre;URL;Prix;BidCount;Type;EndDate
1.セガサターン　ゲームソフト　リアルバウト　餓狼伝説　　　2F161AA;https://page.auctions.yahoo.co.jp/jp/auction/r1232943335;¥1,200;4;Auction;2026-06-10 20:55 +0900
NEO GEO CD リアルバウト餓狼伝説 REAL BOUT FATAL FURY SNK;https://page.auctions.yahoo.co.jp/jp/auction/z603576134;¥2,150;1;Buy-Now;2026-06-09 23:06 +0900
REAL BOUT リアルバウト餓狼伝説スペシャル CD サウンドトラック 新世界楽曲雑技団 ネオジオ 帯付き ディスク研磨済み 中古品★5628;https://page.auctions.yahoo.co.jp/jp/auction/p1232112673;¥1,210;2;Auction;2026-06-09 22:53 +0900
F0　CD　Real Bout 餓狼伝説 SPECIAL　リアルバウト 餓狼伝説 スペシャル　ＳＮＫ 新世界楽曲雑技団　ゲーム音楽　帯付き;https://page.auctions.yahoo.co.jp/jp/auction/c1224494939;¥720;1;Buy-Now;2026-06-09 22:07 +0900
書籍 攻略本 リアルバウト餓狼伝説 公式ガイドブック 初版 アスペクト【PP;https://page.auctions.yahoo.co.jp/jp/auction/f1218705465;¥1,100;1;Auction;2026-06-09 21:46 +0900
REAL BOUT餓狼伝説スペシャルNG 【NEOGEO】 リアルバウト餓狼伝説スペシャル;https://page.auctions.yahoo.co.jp/jp/auction/z616017486;¥77,000;1;Buy-Now;2026-06-09 07:00 +0900
1円～ ネオ・ジオ CD ソフト サムライスピリッツ天草降臨 リアルバウト餓狼伝説スペシャル 他;https://page.auctions.yahoo.co.jp/jp/auction/p1232559820;¥9,735;15;Auction;2026-06-08 22:05 +0900
SEGA SATURN リアルバウト餓狼伝説 SNK ポスター B2 セガサターン 販促用　非売品　当時物　【40】ギース;https://page.auctions.yahoo.co.jp/jp/auction/f1231951184;¥6,800;4;Auction;2026-06-08 21:45 +0900
※ROMのみ エスエヌケイ/SNK リアルバウト餓狼伝説 REALBOUT MVS 動作確認済【10;https://page.auctions.yahoo.co.jp/jp/auction/1232203197;¥7,700;7;Auction;2026-06-08 21:45 +0900
※ROMのみ エスエヌケイ/SNK リアルバウト餓狼伝説2 THE NEWCOMERS RB2 MVS 動作確認済【10;https://page.auctions.yahoo.co.jp/jp/auction/d1232209446;¥16,005;7;Auction;2026-06-08 21:07 +0900
リアルバウト餓狼伝説スペシャル ドミネイテッドマインド;https://page.auctions.yahoo.co.jp/jp/auction/z608303694;¥3,800;1;Buy-Now;2026-06-08 18:31 +0900
◆ リアルバウト餓狼伝説スペシャル ネオジオ ロム ROM 箱説付き カセット NEOGEO;https://page.auctions.yahoo.co.jp/jp/auction/z619571558;¥74,000;1;Buy-Now;2026-06-08 16:20 +0900
中古◆NEOGEO ネオジオ REAL BOUT リアルバウト餓狼伝説 ROMカセット 説明書付 SNK◆F1378;https://page.auctions.yahoo.co.jp/jp/auction/u1232220338;¥64,350;33;Auction;2026-06-07 22:42 +0900
4枚セット NEOGEO CD SNK リアルバウト餓狼伝説スペシャル/ザ・キング・オブ・ファイターズ 95/97 ゲームソフト ネオジオCD 大量;https://page.auctions.yahoo.co.jp/jp/auction/u1232351961;¥10,000;12;Auction;2026-06-07 21:59 +0900
【攻略本　初版】リアルバウト餓狼伝説スペシャル ドミネイテッドマインド ファイティングガイド ;https://page.auctions.yahoo.co.jp/jp/auction/z606250864;¥3,200;1;Buy-Now;2026-06-07 09:42 +0900
リアルバウト餓狼伝説2 NGCD NEOGEOCD 動作確認済;https://page.auctions.yahoo.co.jp/jp/auction/j1196615678;¥12,000;1;Auction;2026-06-07 02:28 +0900
動作保証品 NG ネオジオCD 真サムライスピリッツ/餓狼伝説3/リアルバウト餓狼伝説 等 まとめて 4本セット 箱説帯付【10;https://page.auctions.yahoo.co.jp/jp/auction/1231971074;¥4,840;19;Auction;2026-06-06 22:14 +0900
未使用品 SS セガサターン リアルバウト餓狼伝説スペシャル 拡張ラムカートリッジ付き;https://page.auctions.yahoo.co.jp/jp/auction/c1231841859;¥9,750;7;Auction;2026-06-06 22:10 +0900
リアルバウト餓狼伝説スペシャル SKILL MANUAL スキルマニュアル ゲーメストEXシリーズ セガサターン版 攻略本;https://page.auctions.yahoo.co.jp/jp/auction/p1222141490;¥2,200;7;Auction;2026-06-06 20:17 +0900
熱闘リアルバウト餓狼伝説スペシャル ゲームボーイ GB;https://page.auctions.yahoo.co.jp/jp/auction/v1231967696;¥660;1;Auction;2026-06-05 22:41 +0900
【NEOGEO ネオジオ ROM「 リアルバウト餓狼伝説スペシャル」】 SNK/レトロゲームソフト/当時物/T77-224;https://page.auctions.yahoo.co.jp/jp/auction/d1192089737;¥30,000;1;Auction;2026-06-05 21:18 +0900
リアルバウト餓狼伝説 SEGA SATURN SAMPLE ST-3105G 1996年9月20日発売予定　ディスクのみ;https://page.auctions.yahoo.co.jp/jp/auction/o1231584967;¥9,350;2;Auction;2026-06-05 00:36 +0900
ネオジオ ロム リアルバウト餓狼伝説スペシャル NEOGEO ROM SNK ;https://page.auctions.yahoo.co.jp/jp/auction/z609878606;¥69,800;1;Buy-Now;2026-06-05 00:12 +0900
B1サイズ リアルバウト餓狼伝説 ゲームポスター SNK NEOGEO ネオジオ 当時物 販促 ポスター 販売 広告 告知 ゲーム 希少 レア 森気楼 1円〜;https://page.auctions.yahoo.co.jp/jp/auction/s1231504320;¥21,500;24;Auction;2026-06-04 22:39 +0900
SNK　NEOGEO　リアルバウト餓狼伝説スペシャル　USEDインスト＆プラインスト　保管品　アーカイブ用にいかがでしょう？;https://page.auctions.yahoo.co.jp/jp/auction/d1231734677;¥760;2;Auction;2026-06-04 21:00 +0900
MVS リアルバウト餓狼伝説 プラバン型インストカード風ステッカー(シール) 中古 SNK;https://page.auctions.yahoo.co.jp/jp/auction/q1231618711;¥1,300;10;Auction;2026-06-04 19:51 +0900
GB ゲームボーイ ポケットモンスター黄/大工の源さん/ゴジラ/ロックマンワールド/リアルバウト 餓狼伝説 等 まとめて100本 大量セット【10;https://page.auctions.yahoo.co.jp/jp/auction/f1231672237;¥45,744;42;Auction;2026-06-03 22:35 +0900
チラシ エスエヌケイ/SNK リアルバウト餓狼伝説2 THE NEWCOMERS RB2 ネオジオ NEOGEO パンフレット フライヤー【PP;https://page.auctions.yahoo.co.jp/jp/auction/q1231531105;¥6,325;5;Auction;2026-06-02 21:24 +0900
-●●●NCD　リアルバウト餓狼伝説　SNK　ネオジオCD　即決 ■■ まとめて送料値引き中 ■■;https://page.auctions.yahoo.co.jp/jp/auction/n1224047685;¥3,480;1;Buy-Now;2026-06-01 22:10 +0900
リアルバウト餓狼伝説 NEOGEOCD NGCD 動作確認済;https://page.auctions.yahoo.co.jp/jp/auction/k1217120755;¥2,480;1;Auction;2026-06-01 22:03 +0900
リアルバウト餓狼伝説スペシャル;https://page.auctions.yahoo.co.jp/jp/auction/v1231796428;¥70,000;1;Auction;2026-06-01 22:03 +0900
※箱のみ エスエヌケイ/SNK リアルバウト餓狼伝説スペシャル REALBOUT SPECIAL MVS 基板箱 輸送箱【10;https://page.auctions.yahoo.co.jp/jp/auction/l1231405027;¥1,100;1;Auction;2026-06-01 21:42 +0900
B376 「リアルバウト餓狼伝説2」 初版 RB2 ゲーム 攻略 資料 設定 新声社 しみ・焼けあり SNK GAMEST MOOK/PULUS vol.1;https://page.auctions.yahoo.co.jp/jp/auction/r1231519609;¥2,800;20;Auction;2026-06-01 21:41 +0900
インスト 説明書 プラ板 帯 エスエヌケイ/SNK リアルバウト餓狼伝説 REALBOUT MVS【PP;https://page.auctions.yahoo.co.jp/jp/auction/x1231384649;¥2,200;4;Auction;2026-06-01 21:36 +0900
※ROMのみ エスエヌケイ/SNK リアルバウト餓狼伝説 REALBOUT MVS 動作確認済【10;https://page.auctions.yahoo.co.jp/jp/auction/w1231399463;¥9,625;16;Auction;2026-06-01 21:28 +0900
【NG】 リアルバウト餓狼伝説;https://page.auctions.yahoo.co.jp/jp/auction/z618095544;¥53,000;1;Buy-Now;2026-06-01 10:43 +0900
リアルバウト餓狼伝説スペシャル　純正インスト+取扱説明書+帯2本+プラバン　MVS　NEOGEO　S633;https://page.auctions.yahoo.co.jp/jp/auction/d1231263003;¥5,144;1;Auction;2026-05-30 23:06 +0900
SNK リアルバウト餓狼伝説スペシャル 拡張ラムカートリッジ付きお買い得セット ゲームソフト g26060034cp;https://page.auctions.yahoo.co.jp/jp/auction/b1231381293;¥3,642;8;Auction;2026-05-30 22:50 +0900
月刊 ネオジオフリーク 1998年7月号 未使用ポスター付き NEOGEO FREAK リアルバウト餓狼伝説2 アスラ斬魔伝;https://page.auctions.yahoo.co.jp/jp/auction/z559438998;¥3,600;1;Buy-Now;2026-05-30 21:40 +0900
※ROMのみ エスエヌケイ/SNK リアルバウト餓狼伝説スペシャル REALBOUT SPECIAL MVS 帯純正 動作確認済【10;https://page.auctions.yahoo.co.jp/jp/auction/l1231143531;¥11,000;1;Auction;2026-05-30 21:40 +0900
熱闘リアルバウト餓狼伝説スペシャル ゲームボーイ GB;https://page.auctions.yahoo.co.jp/jp/auction/q1231112648;¥1,086;6;Auction;2026-05-29 22:05 +0900
帯ハガキあり　PS　リアルバウト 餓狼伝説スペシャル ドミネイテッドマインド　ベスト;https://page.auctions.yahoo.co.jp/jp/auction/z610721428;¥4,900;1;Buy-Now;2026-05-29 18:22 +0900
攻略本 ゲーメストムック ワールドシリーズ Vol.2 リアルバウト餓狼伝説スペシャル ファンブック AC NEOGEO SNK;https://page.auctions.yahoo.co.jp/jp/auction/s1230310443;¥1,650;1;Auction;2026-05-28 22:01 +0900
SEGASATURN セガサターン リアルバウト餓狼伝説 REAL BOUT 餓狼伝説 拡張ラムカートリッジ付;https://page.auctions.yahoo.co.jp/jp/auction/p1230735064;¥1,599;18;Auction;2026-05-28 21:02 +0900
GB 熱闘 リアルバウト餓狼伝説スペシャル ソフトのみ;https://page.auctions.yahoo.co.jp/jp/auction/z613172962;¥1,100;1;Buy-Now;2026-05-28 01:52 +0900
NG リアルバウト餓狼伝説スペシャル;https://page.auctions.yahoo.co.jp/jp/auction/u1231126355;¥66,000;13;Auction;2026-05-27 22:54 +0900
NG リアルバウト餓狼伝説;https://page.auctions.yahoo.co.jp/jp/auction/m1231122767;¥47,190;11;Auction;2026-05-27 22:37 +0900
-■■■♯♯GB　熱闘 リアルバウト餓狼伝説スペシャル　TAKARA　即決 ■■ まとめて送料値引き中 ■■;https://page.auctions.yahoo.co.jp/jp/auction/v1228600539;¥1,280;1;Buy-Now;2026-05-27 10:04 +0900
リアルバウト餓狼伝説スペシャル SNK ポスター ネオジオ チラシ フライヤー　パンフレット　販促　カタログ　不知火舞　NEOGEO;https://page.auctions.yahoo.co.jp/jp/auction/e1231242150;¥3,989;1;Auction;2026-05-26 15:48 +0900
熱闘 リアルバウト 餓狼伝説スペシャル 説明書無し ゲームボーイ ハガキあり GB;https://page.auctions.yahoo.co.jp/jp/auction/h1230741939;¥4,600;7;Auction;2026-05-24 21:42 +0900
【箱付き】リアルバウト餓狼伝説スペシャル・ドミネイテッドマインド PS1;https://page.auctions.yahoo.co.jp/jp/auction/j1230434989;¥1,650;16;Auction;2026-05-23 23:19 +0900
○NG ネオジオROM REALBOUT リアルバウト餓狼伝説 SNK エス・エヌ・ケイ【IO;https://page.auctions.yahoo.co.jp/jp/auction/w1230328136;¥18,040;21;Auction;2026-05-23 21:13 +0900
ネオジオ ロム リアルバウト餓狼伝説 NEOGEO ROM SNK 人気作;https://page.auctions.yahoo.co.jp/jp/auction/z613365944;¥59,800;1;Buy-Now;2026-05-23 06:21 +0900
◆SEGA SATURN/セガサターン/SS SNK Real Bout/リアルバウト 餓狼伝説 SPECIAL ソフト;https://page.auctions.yahoo.co.jp/jp/auction/s1230460456;¥936;8;Auction;2026-05-22 22:56 +0900
チラシ リアルバウト餓狼伝説2 アーケード ネオジオ SNK ゲーム フライヤー パンフレット カタログ;https://page.auctions.yahoo.co.jp/jp/auction/h1230734807;¥12,000;1;Auction;2026-05-22 22:31 +0900
NG ネオジオROM リアルバウト餓狼伝説 説明書欠品 Real Bout Fatal Fury NEOGEO NEO-GEO ロム カセット 動作確認済;https://page.auctions.yahoo.co.jp/jp/auction/e1230108733;¥32,000;1;Auction;2026-05-22 21:49 +0900
即決　ネオジオCD　帯のみ　リアルバウト餓狼伝説2　RB2　REAL BOUT　同梱可　(ソフト無);https://page.auctions.yahoo.co.jp/jp/auction/k1217316729;¥1,400;1;Buy-Now;2026-05-21 23:42 +0900
f★ リアルバウト 餓狼伝説 / ネオジオCD / SNK / ;https://page.auctions.yahoo.co.jp/jp/auction/v1230473569;¥1,980;2;Auction;2026-05-20 22:59 +0900
【箱付き】リアルバウト餓狼伝説2 ザ・ニューカマーズ ネオジオCD;https://page.auctions.yahoo.co.jp/jp/auction/n1230318211;¥4,631;3;Auction;2026-05-20 22:11 +0900
リアルバウト餓狼伝説 NEOGEO ネオジオROM ネオジオ SNK ROM ソフトのみ REAL BOUT;https://page.auctions.yahoo.co.jp/jp/auction/z606700082;¥17,900;1;Buy-Now;2026-05-20 08:16 +0900
【帯有】リアルバウト餓狼伝説2 THE NEWCOMERS NEOGEO CD ネオジオCD SNK;https://page.auctions.yahoo.co.jp/jp/auction/e1227818798;¥6,000;1;Auction;2026-05-19 22:57 +0900
熱闘リアルバウト餓狼伝説スペシャル ゲームボーイ GB;https://page.auctions.yahoo.co.jp/jp/auction/b1230016002;¥671;2;Auction;2026-05-19 22:21 +0900
動作保証品 ネオジオCD リアルバウト餓狼伝説スペシャル 箱説帯付【PP;https://page.auctions.yahoo.co.jp/jp/auction/w1229892418;¥2,640;9;Auction;2026-05-19 21:28 +0900
〇GB ゲームボーイ 熱闘 リアルバウト 餓狼伝説 SPECIAL タカラ 箱説付【PP;https://page.auctions.yahoo.co.jp/jp/auction/n1229910264;¥4,961;12;Auction;2026-05-19 21:23 +0900
インスト 説明書 プラ板 帯 エスエヌケイ/SNK リアルバウト餓狼伝説スペシャル REALBOUT SPECIAL MVS【PP;https://page.auctions.yahoo.co.jp/jp/auction/v1229905461;¥2,626;6;Auction;2026-05-19 21:19 +0900
セガサターン リアルバウト餓狼伝説スペシャル SNK;https://page.auctions.yahoo.co.jp/jp/auction/z601481328;¥2,500;1;Buy-Now;2026-05-19 18:00 +0900
ケースのみ！ジャンク品 リアルバウト餓狼伝説 ネオジオROM;https://page.auctions.yahoo.co.jp/jp/auction/z611090334;¥12,000;1;Buy-Now;2026-05-19 10:41 +0900
【箱付き】リアルバウト餓狼伝説 PS1;https://page.auctions.yahoo.co.jp/jp/auction/e1230020938;¥660;1;Auction;2026-05-18 22:12 +0900
リアルバウト餓狼伝説(カートリッジ);https://page.auctions.yahoo.co.jp/jp/auction/o1229703698;¥6,750;8;Auction;2026-05-17 23:46 +0900
GB ゲームボーイ 熱闘 餓狼伝説2・リアルバウト餓狼伝説SPECIAL・ツインビーだ!!・タートルズ・レッドアリーマー・バーガータイム;https://page.auctions.yahoo.co.jp/jp/auction/e1229794931;¥10,672;18;Auction;2026-05-17 22:34 +0900
※ROMのみ エスエヌケイ/SNK リアルバウト餓狼伝説 REALBOUT MVS プラ板純正 動作確認済【10;https://page.auctions.yahoo.co.jp/jp/auction/j1229650076;¥6,385;3;Auction;2026-05-17 21:30 +0900
動作保証品 NG ネオジオROM REAL BOUT 餓狼伝説 リアルバウト餓狼伝説 SNK エス・エヌ・ケイ 箱説付 箱説付【10;https://page.auctions.yahoo.co.jp/jp/auction/p1229663719;¥49,500;27;Auction;2026-05-17 21:20 +0900
PlayStationソフト【リアルバウト餓狼伝説】【SNK】不知火舞【送料無料】価格交渉はスルーさせていただきます;https://page.auctions.yahoo.co.jp/jp/auction/z358429186;¥1,480;1;Buy-Now;2026-05-17 14:13 +0900
【箱付き】リアルバウト餓狼伝説 セガサターン SS;https://page.auctions.yahoo.co.jp/jp/auction/p1229904801;¥8,734;3;Auction;2026-05-16 22:09 +0900
熱闘 リアルバウト餓狼伝説スペシャル;https://page.auctions.yahoo.co.jp/jp/auction/h1159908411;¥7,777;1;Buy-Now;2026-05-15 23:20 +0900
(W34408)リアルバウト餓狼伝説スペシャル NEOGEO ROM ネオジオ ロム カセット ゲーム 動作未確認 ジャンク;https://page.auctions.yahoo.co.jp/jp/auction/b1229421171;¥72,000;35;Auction;2026-05-15 22:26 +0900
(W34402)リアルバウト餓狼伝説 NEOGEO ROM ネオジオ ロム カセット ゲーム 動作未確認 ジャンク;https://page.auctions.yahoo.co.jp/jp/auction/c1229427403;¥36,601;25;Auction;2026-05-15 22:26 +0900
(W34407)RB2 リアルバウト餓狼伝説2 NEOGEO ROM ネオジオ ロム カセット ゲーム 動作未確認 ジャンク;https://page.auctions.yahoo.co.jp/jp/auction/x1229413375;¥103,000;21;Auction;2026-05-15 22:21 +0900
熱闘リアルバウト餓狼伝説スペシャル ゲームボーイ GB;https://page.auctions.yahoo.co.jp/jp/auction/b1229526616;¥660;1;Auction;2026-05-14 22:50 +0900
【箱付き】リアルバウト餓狼伝説スペシャル ネオジオCD;https://page.auctions.yahoo.co.jp/jp/auction/l1229534323;¥1,760;12;Auction;2026-05-14 22:49 +0900
チラシ ネオジオ リアルバウト 餓狼伝説 スペシャル SNK ゲーム ポスター フライヤー パンフレット カタログ;https://page.auctions.yahoo.co.jp/jp/auction/f1227903178;¥4,000;1;Auction;2026-05-13 22:13 +0900
※ROMのみ エスエヌケイ/SNK リアルバウト餓狼伝説スペシャル REALBOUT SPECIAL MVS 動作確認済【10;https://page.auctions.yahoo.co.jp/jp/auction/c1228211934;¥11,000;1;Auction;2026-05-13 21:11 +0900
ネオジオ ロム リアルバウト餓狼伝説スペシャル NEOGEO ROM SNK ハガキ;https://page.auctions.yahoo.co.jp/jp/auction/z608492442;¥78,000;1;Buy-Now;2026-05-13 02:43 +0900
※ROMのみ エスエヌケイ/SNK リアルバウト餓狼伝説2 THE NEWCOMERS RB2 MVS プラ板純正 動作確認済【10;https://page.auctions.yahoo.co.jp/jp/auction/q1228926771;¥13,735;4;Auction;2026-05-12 21:41 +0900
動作保証品 NG ネオジオCD リアルバウト餓狼伝説2 THE NEWCOMERS 箱説帯ハガキ付【PP;https://page.auctions.yahoo.co.jp/jp/auction/c1228934062;¥9,076;11;Auction;2026-05-12 21:08 +0900
限定1名！希少　リアルバウト餓狼伝説2 SNK新世界楽曲雑技団　サントラ　サウンドトラック;https://page.auctions.yahoo.co.jp/jp/auction/d1061396735;¥1,980;1;Auction;2026-05-12 21:00 +0900
NEOGEO MVS リアルバウト餓狼伝説スペシャル REAL BOUT FATAL FURY SPECIAL;https://page.auctions.yahoo.co.jp/jp/auction/k1228849006;¥14,000;1;Auction;2026-05-11 21:02 +0900
リアルバウト餓狼伝説スぺシャル(カートリッジ);https://page.auctions.yahoo.co.jp/jp/auction/f1228986174;¥18,000;20;Auction;2026-05-10 23:53 +0900
リアルバウト餓狼伝説 2　　SNKネオジオ用ソフト;https://page.auctions.yahoo.co.jp/jp/auction/f1228216023;¥18,730;24;Auction;2026-05-10 23:28 +0900
リアルバウト餓狼伝説 スペシャル　　SNKネオジオ用ソフト;https://page.auctions.yahoo.co.jp/jp/auction/k1228212049;¥14,080;7;Auction;2026-05-10 23:20 +0900
リアルバウト餓狼伝説 　　SNKネオジオ用ソフト;https://page.auctions.yahoo.co.jp/jp/auction/d1228165978;¥8,250;4;Auction;2026-05-10 23:12 +0900
NCD リアルバウト餓狼伝説;https://page.auctions.yahoo.co.jp/jp/auction/g1218829189;¥1,650;1;Auction;2026-05-10 22:31 +0900
2WB72◆帯有 NG SNK ネオジオCD ゲーム まとめ/リアルバウト餓狼伝説 餓狼伝説3 NEOGEO NEO-GEO 送:YP/60;https://page.auctions.yahoo.co.jp/jp/auction/n1228680946;¥2,040;8;Auction;2026-05-10 22:16 +0900
B33118 リアルバウト餓狼伝説 ポスター B2サイズ(515mm×728mm) /同梱OK！追加送料なし;https://page.auctions.yahoo.co.jp/jp/auction/f1228684211;¥1,000;1;Auction;2026-05-10 21:37 +0900
NCD リアルバウト餓狼伝説スペシャル;https://page.auctions.yahoo.co.jp/jp/auction/l1228759127;¥2,530;1;Auction;2026-05-10 21:30 +0900
REAL BOUT 餓狼伝説 SPECIAL 1997年 ゲーム広告 雑誌 リアルバウト餓狼伝説スペシャル セガサターン SS SEGA SATURN;https://page.auctions.yahoo.co.jp/jp/auction/h1209574956;¥1,000;1;Buy-Now;2026-05-10 18:45 +0900
リアルバウト餓狼伝説 ネオジオ ROM NEOGEO SNK 説明書欠品;https://page.auctions.yahoo.co.jp/jp/auction/z606904612;¥24,800;1;Buy-Now;2026-05-10 06:42 +0900
ネオジオCD　NEOGEO CD　リアルバウト餓狼伝説スペシャル　新品未開封　RBSP REAL BOUT SPECIAL;https://page.auctions.yahoo.co.jp/jp/auction/z564111226;¥9,300;1;Buy-Now;2026-05-10 06:00 +0900
PS REAL BOUT 餓狼伝説 体験盤 非売品 体験版 デモ demo not for sale SNK ザ・キング・オブ・ファイターズ KOF SLPM 80070 リアルバウト;https://page.auctions.yahoo.co.jp/jp/auction/l1113093793;¥2,980;1;Auction;2026-05-10 01:21 +0900
チラシ エスエヌケイ/SNK リアルバウト餓狼伝説2 THE NEWCOMERS RB2 ネオジオ NEOGEO パンフレット フライヤー【PP;https://page.auctions.yahoo.co.jp/jp/auction/s1228581201;¥6,134;6;Auction;2026-05-09 21:59 +0900
KS11380F● NEO・GEO SNK ネオジオ 専用ロムカセット Real Bout SPECIAL リアルバウト餓狼伝説スペシャル 対戦ゲーム 格ゲー 格闘;https://page.auctions.yahoo.co.jp/jp/auction/q1211905402;¥26,000;4;Auction;2026-05-09 21:58 +0900
インスト 説明書 プラ板 帯 エスエヌケイ/SNK リアルバウト餓狼伝説スペシャル REALBOUT SPECIAL MVS【PP;https://page.auctions.yahoo.co.jp/jp/auction/p1228564796;¥3,604;7;Auction;2026-05-09 21:57 +0900
SNK ネオジオ NEOGEO リアルバウト 餓狼伝説 PIXEL アクリルスタンド ブルー・マリー アクスタ 餓狼伝説3 THE KING OF FIGHTERS;https://page.auctions.yahoo.co.jp/jp/auction/p1228643523;¥530;6;Auction;2026-05-09 21:43 +0900
【中古品】リアルバウト餓狼伝説スペシャル SEGA SATURN セガサターン SNK ゲームソフト ソフト;https://page.auctions.yahoo.co.jp/jp/auction/g1228776573;¥5,850;14;Auction;2026-05-09 21:04 +0900
餓狼伝説　ネオジオCD 餓狼伝説 動作OK　リアルバウト;https://page.auctions.yahoo.co.jp/jp/auction/z598244700;¥1,150;1;Buy-Now;2026-05-09 21:00 +0900
チラシ ネオジオ リアルバウト餓狼伝説 パンフレット カタログ フライヤー 短冊ポスター SNK neogeo;https://page.auctions.yahoo.co.jp/jp/auction/m1226961130;¥4,000;1;Auction;2026-05-08 22:26 +0900
NCD リアルバウト餓狼伝説;https://page.auctions.yahoo.co.jp/jp/auction/h1228754076;¥1,650;1;Auction;2026-05-08 21:15 +0900
動作確認済 NG CD リアルバウト 餓狼伝説 スペシャル 帯 ケース 説明書 あり NEOGEO CD ネオジオ SNK;https://page.auctions.yahoo.co.jp/jp/auction/w1226928266;¥2,500;1;Auction;2026-05-08 20:09 +0900
◆リアルバウト餓狼伝説 ネオジオ プレイステーション ポスター SNK テリー・ボガード ギース ・ハワード 当時物 販促物 レトロ;https://page.auctions.yahoo.co.jp/jp/auction/r1183986155;¥2,990;1;Auction;2026-05-08 16:44 +0900
MVS　リアルバウト餓狼伝説スペシャル　SNK　NEOGEO　ROM　動作確認済み;https://page.auctions.yahoo.co.jp/jp/auction/s1169078134;¥19,000;1;Auction;2026-05-07 23:17 +0900
熱闘リアルバウト餓狼伝説スペシャル ゲームボーイ GB;https://page.auctions.yahoo.co.jp/jp/auction/x1228469008;¥671;2;Auction;2026-05-07 22:49 +0900
Real Bout SPECIAL リアルバウト餓狼伝説スペシャル NEOGEO CD ネオジオCD SNK;https://page.auctions.yahoo.co.jp/jp/auction/q1228785354;¥2,900;1;Auction;2026-05-07 22:28 +0900
○動作保証品 CD ゲームミュージック リアルバウト餓狼伝説2 THE NEWCOMERS SNK新世界楽曲雑技団 帯付 PCCB-310【PP;https://page.auctions.yahoo.co.jp/jp/auction/o1228293028;¥1,100;1;Auction;2026-05-07 21:18 +0900
アクスタ SNK RB リアルバウト 餓狼伝説 ピクセル 仰ぎ アクリルスタンド ジョー・東 東丈;https://page.auctions.yahoo.co.jp/jp/auction/z602492184;¥3,000;1;Buy-Now;2026-05-07 06:21 +0900
【送料無料】餓狼伝説スペシャル・３・リアルバウト餓狼伝説・スペシャル・２ザニューカマーズ 計５枚セット！ Fatal Fury Series 5 DISCS;https://page.auctions.yahoo.co.jp/jp/auction/k1228674545;¥15,800;1;Auction;2026-05-06 19:06 +0900
NEOGEO CD リアルバウト餓狼伝説 帯付き;https://page.auctions.yahoo.co.jp/jp/auction/z604127708;¥3,180;1;Buy-Now;2026-05-06 02:05 +0900
 PS1　 リアルバウト　餓狼伝説 はがき付き;https://page.auctions.yahoo.co.jp/jp/auction/k1201175310;¥800;1;Auction;2026-05-05 23:49 +0900
期間限定セール エス・エヌ・ケイ SNK ネオジオCDソフト リアルバウト 餓狼伝説 NGCD-095;https://page.auctions.yahoo.co.jp/jp/auction/1220069402;¥1,485;1;Auction;2026-05-05 21:54 +0900
動作保証品 NG ネオジオROM REAL BOUT 餓狼伝説 リアルバウト餓狼伝説 SNK エス・エヌ・ケイ 箱付【10;https://page.auctions.yahoo.co.jp/jp/auction/d1228350277;¥24,751;23;Auction;2026-05-05 21:52 +0900
中古ロム【リアルバウト餓狼伝説 / Real Bout Fatal Fury】＊SNK Neo Geo, タイトルシール付！;https://page.auctions.yahoo.co.jp/jp/auction/q1218427933;¥5,600;3;Auction;2026-05-05 21:44 +0900
ネオジオCD リアルバウト餓狼伝説スペシャル SNK 1996年;https://page.auctions.yahoo.co.jp/jp/auction/z603927466;¥2,650;1;Buy-Now;2026-05-05 10:53 +0900
GB　 リアルバウト餓狼伝説スペシャル ゲームボーイ;https://page.auctions.yahoo.co.jp/jp/auction/z600223160;¥1,680;1;Buy-Now;2026-05-04 11:58 +0900
-NCD　リアルバウト餓狼伝説　SNK　ネオジオCD　即決 ■■ まとめて送料値引き中 ■■;https://page.auctions.yahoo.co.jp/jp/auction/1224049425;¥1,380;1;Buy-Now;2026-05-04 00:06 +0900
熱闘リアルバウト餓狼伝説スペシャル [video game];https://page.auctions.yahoo.co.jp/jp/auction/m1228557210;¥12,628;1;Auction;2026-05-03 21:55 +0900
★HA1438★【SS】 リアルバウト餓狼伝説 セガサターン ゲームソフト 拡張ラムカートリッジ付き BOUT;https://page.auctions.yahoo.co.jp/jp/auction/1208695308;¥2,200;1;Auction;2026-05-02 22:36 +0900
★リアルバウト餓狼伝説 PIXELアクリルスタンド[仰ぎ] 山崎竜二 ザキさん アクスタ KOF SNKOS-052 NEOGEO ネオジオ グッズ SNK★;https://page.auctions.yahoo.co.jp/jp/auction/w1212270442;¥1,200;1;Buy-Now;2026-05-02 19:36 +0900
リアルバウト餓狼伝説 公式ガイドブック アスペクト 攻略本;https://page.auctions.yahoo.co.jp/jp/auction/1205608025;¥2,500;1;Auction;2026-05-02 19:19 +0900
SS　リアルバウト餓狼伝説　拡張RAM同梱版　箱・説明書付　セガサターン専用ソフト　;https://page.auctions.yahoo.co.jp/jp/auction/f1227099308;¥3,480;1;Auction;2026-05-01 21:07 +0900
【ゲームソフト】 未開封 PS プレイステーション プレステ PlayStation 餓狼伝説 リアルバウト餓狼伝説 REAL BOUT SNK;https://page.auctions.yahoo.co.jp/jp/auction/d1223622003;¥3,000;4;Auction;2026-05-01 18:48 +0900
鉄拳2 鉄拳3 リアルバウト 餓狼伝説 闘神伝2 プレイステーション PS PS1;https://page.auctions.yahoo.co.jp/jp/auction/z593568630;¥2,300;1;Buy-Now;2026-04-30 11:59 +0900
動作保証品 PS プレステ リアルバウト餓狼伝説スペシャル ドミネイテッドマインド RealBout SPECIAL DOMINATED MIND 箱説付【PP;https://page.auctions.yahoo.co.jp/jp/auction/d1227705355;¥1,856;4;Auction;2026-04-29 21:32 +0900
ネオジオソフト リアルバウト餓狼伝説;https://page.auctions.yahoo.co.jp/jp/auction/u1228146097;¥18,000;2;Auction;2026-04-29 00:14 +0900
リアルバウト餓狼伝説 A2 クリアポスター 未開封品　さらばギース;https://page.auctions.yahoo.co.jp/jp/auction/z591525096;¥3,680;1;Buy-Now;2026-04-28 21:26 +0900
※ROMのみ エスエヌケイ/SNK リアルバウト餓狼伝説 REALBOUT MVS 動作確認済【10;https://page.auctions.yahoo.co.jp/jp/auction/x1227545893;¥7,975;10;Auction;2026-04-28 21:17 +0900
ネオジオCD NEOGEO リアルバウト 餓狼伝説;https://page.auctions.yahoo.co.jp/jp/auction/u1198915914;¥1,000;1;Auction;2026-04-27 22:20 +0900
ネオジオCD リアルバウト餓狼伝説スペシャル;https://page.auctions.yahoo.co.jp/jp/auction/z597891992;¥2,200;1;Buy-Now;2026-04-27 21:50 +0900
インスト 説明書 プラ板 帯 エスエヌケイ/SNK リアルバウト餓狼伝説2 THE NEWCOMERS RB2 MV【PP;https://page.auctions.yahoo.co.jp/jp/auction/n1227466410;¥3,415;8;Auction;2026-04-27 21:46 +0900
【状態悪い】SNK リアルバウト餓狼伝説 セガサターン 発売告知 B2 ポスター ( 販促品 宣伝用 店頭用 非売品 餓狼伝説;https://page.auctions.yahoo.co.jp/jp/auction/r1227361940;¥1,000;1;Auction;2026-04-27 21:38 +0900
貴重！アンケートハガキ付き　中古ネオジオロム　リアルバウト餓狼伝説2 動作確認済み送料込み;https://page.auctions.yahoo.co.jp/jp/auction/m1227818233;¥81,000;4;Auction;2026-04-27 21:34 +0900
【ソフトのみ】熱闘リアルバウト餓狼伝説スペシャル【GB】中古;https://page.auctions.yahoo.co.jp/jp/auction/z585405376;¥1,300;1;Buy-Now;2026-04-27 14:14 +0900
●格闘ゲーム【リアルバウト餓狼伝説】ネオジオROM レトロゲーム　箱　説明書あり　0121 テリー　舞;https://page.auctions.yahoo.co.jp/jp/auction/o1216797030;¥55,000;1;Buy-Now;2026-04-26 23:30 +0900
未検品★SS セガサターン(帯説付)リアルバウト餓狼伝説スペシャル/ストリートファイターZERO2 等 まとめて7本セット まとめ売り f719;https://page.auctions.yahoo.co.jp/jp/auction/u1227426284;¥6,500;39;Auction;2026-04-26 23:05 +0900
【希少　未開封　非売品】リアルバウト　餓狼伝説　サンプル版　見本版　体験版　 店頭版　プレイステーション　PlayStation　PS;https://page.auctions.yahoo.co.jp/jp/auction/1227091942;¥1,100;2;Auction;2026-04-26 22:41 +0900
SNK リアルバウト餓狼伝説 NEOGEO ネオジオ;https://page.auctions.yahoo.co.jp/jp/auction/b1227585049;¥33,000;19;Auction;2026-04-26 22:33 +0900
リアルバウト 餓狼伝説　セガサターン　ハガキのみ　SAKA37;https://page.auctions.yahoo.co.jp/jp/auction/n1227332370;¥150;1;Auction;2026-04-26 22:33 +0900
ゲーム攻略ビデオ　リアルバウト餓狼伝説　GAMEST VIDEO;https://page.auctions.yahoo.co.jp/jp/auction/t1218947344;¥2,000;1;Auction;2026-04-26 22:31 +0900
動作保証品 GB ゲームボーイ 熱闘 リアルバウト餓狼伝説スペシャル SPECIAL【PP;https://page.auctions.yahoo.co.jp/jp/auction/g1227330374;¥1,100;1;Auction;2026-04-26 21:50 +0900
リアルバウト餓狼伝説　公式ガイドブック;https://page.auctions.yahoo.co.jp/jp/auction/k1215612869;¥1,400;1;Buy-Now;2026-04-26 21:37 +0900
c10e　リアルバウト餓狼伝説　公式ガイドブック　2冊セット　プレイステーション必勝法スペシャル;https://page.auctions.yahoo.co.jp/jp/auction/q1213821520;¥3,500;1;Auction;2026-04-26 21:23 +0900
d0b　月刊ネオジオフリーク　1996.1997年　まとめて6冊セット　リアルバウト餓狼伝説/サムライスピリッツ/龍虎の拳;https://page.auctions.yahoo.co.jp/jp/auction/x1214805074;¥5,500;1;Auction;2026-04-26 21:20 +0900
※ROMのみ エスエヌケイ/SNK リアルバウト餓狼伝説2 THE NEWCOMERS RB2 MVS 動作確認済【10;https://page.auctions.yahoo.co.jp/jp/auction/o1227325818;¥24,750;16;Auction;2026-04-26 21:00 +0900
ネオジオ　リアルバウト餓狼伝説;https://page.auctions.yahoo.co.jp/jp/auction/z597868710;¥27,000;1;Buy-Now;2026-04-26 05:03 +0900
mW654a [人気] NEOGEO ソフト リアルバウト餓狼伝説 / ネオジオ ROM カセット☆ | ゲーム X;https://page.auctions.yahoo.co.jp/jp/auction/x1227445967;¥22,550;31;Auction;2026-04-25 22:50 +0900
チラシ ネオジオ リアルバウト 餓狼伝説 スペシャル SNK ゲーム ポスター フライヤー パンフレット カタログ;https://page.auctions.yahoo.co.jp/jp/auction/u1223186535;¥3,000;1;Auction;2026-04-25 22:43 +0900
※ROMのみ エスエヌケイ/SNK リアルバウト餓狼伝説スペシャル REALBOUT SPECIAL MVS 動作確認済【10;https://page.auctions.yahoo.co.jp/jp/auction/s1226609390;¥18,700;11;Auction;2026-04-25 21:34 +0900
インスト 説明書 プラ板 帯 エスエヌケイ/SNK リアルバウト餓狼伝説スペシャル REALBOUT SPECIAL MVS【PP;https://page.auctions.yahoo.co.jp/jp/auction/m1227221914;¥2,860;9;Auction;2026-04-25 21:23 +0900
動作確認済 SS セガサターン リアルバウト 餓狼伝説 スペシャル 4MB拡張ラムカートリッジ 付き Sega Saturn 外箱 説明書 はがき あり SNK;https://page.auctions.yahoo.co.jp/jp/auction/l1227073619;¥4,000;4;Auction;2026-04-25 20:01 +0900
ネオジオCD 餓狼伝説3 リアルバウト餓狼伝説スペシャル 幕末浪漫 月華の剣士 ワールドヒーローズパーフェクト 4本セット;https://page.auctions.yahoo.co.jp/jp/auction/u1206261871;¥5,500;1;Auction;2026-04-25 19:20 +0900
★未開封品★サターンソフト　リアルバウト餓狼伝説 ベストコレクション;https://page.auctions.yahoo.co.jp/jp/auction/j1227607936;¥50,000;1;Buy-Now;2026-04-25 19:05 +0900
リアルバウト餓狼伝説　ネオジオCD/中古/ケース・説明書付き/帯有り;https://page.auctions.yahoo.co.jp/jp/auction/z589666154;¥2,150;1;Buy-Now;2026-04-24 15:59 +0900
▲ 動作確認済 GB ソフトまとめて/テトリス 信長の野望 レッドアリーマー リアルバウト 餓狼伝説 ゴエモン ルパン クォース FLIPULL ゲーム;https://page.auctions.yahoo.co.jp/jp/auction/c1203175344;¥2,950;1;Buy-Now;2026-04-24 12:03 +0900
美品 SS リアルバウト餓狼伝説ベストコレクション;https://page.auctions.yahoo.co.jp/jp/auction/z525246380;¥7,000;1;Buy-Now;2026-04-24 11:57 +0900
S●中古品●ゲームソフト 『リアルバウト餓狼伝説』 SNK/エス・エヌ・ケイ NGH-095 ネオジオROMカセット 対戦格闘アクション 取扱説明書付;https://page.auctions.yahoo.co.jp/jp/auction/m1226965840;¥29,700;31;Auction;2026-04-23 22:32 +0900
NGCD中古　リアルバウト餓狼伝説スペシャル　【管理番号：70010】;https://page.auctions.yahoo.co.jp/jp/auction/p1203584838;¥2,880;1;Auction;2026-04-23 21:44 +0900
【NG】 リアルバウト餓狼伝説;https://page.auctions.yahoo.co.jp/jp/auction/z552850136;¥28,000;1;Buy-Now;2026-04-23 21:39 +0900
120サイズ詰め放題|未チェックジャンク扱い|2026.4.14 セガサターン リアルバウト餓狼伝説;https://page.auctions.yahoo.co.jp/jp/auction/g1226517446;¥1,100;1;Auction;2026-04-23 21:05 +0900
リアルバウト餓狼伝説 セガサターン;https://page.auctions.yahoo.co.jp/jp/auction/g1227235611;¥500;1;Buy-Now;2026-04-23 17:53 +0900
動作保証品 ネオジオCD リアルバウト餓狼伝説/ザ・キング・オブ・ファイターズ’94/95/96 等 まとめて 6本セット 箱説付【10;https://page.auctions.yahoo.co.jp/jp/auction/v1226902699;¥13,090;20;Auction;2026-04-22 21:37 +0900
※ROMのみ エスエヌケイ/SNK リアルバウト餓狼伝説 REALBOUT MVS 動作確認済5000【10;https://page.auctions.yahoo.co.jp/jp/auction/c1226910204;¥10,450;13;Auction;2026-04-22 21:31 +0900
リアルバウト　餓狼伝説 ネオジオCD SNK NEOGEO NGCD ソフト　ゲームソフト CD REAL BOUT;https://page.auctions.yahoo.co.jp/jp/auction/x1219172591;¥2,280;1;Buy-Now;2026-04-22 00:39 +0900
リアルバウト餓狼伝説スペシャル ネオジオCD SNK;https://page.auctions.yahoo.co.jp/jp/auction/z561254352;¥1,333;1;Buy-Now;2026-04-21 08:28 +0900
リアルバウト餓狼伝説スペシャル SNK ネオジオROM ☆6754;https://page.auctions.yahoo.co.jp/jp/auction/1226882793;¥47,549;5;Auction;2026-04-20 22:40 +0900
【中古・説付き】：リアルバウト餓狼伝説2 ネオジオ NEOGEO SNK ゲームソフト ※動作未確認(20260414);https://page.auctions.yahoo.co.jp/jp/auction/v1226515504;¥70,000;1;Auction;2026-04-20 22:11 +0900
SS リアルバウト 餓狼伝説 拡張ラムカートリッジ 同梱版 セガサターン SNK REAL BOUT;https://page.auctions.yahoo.co.jp/jp/auction/q1223127822;¥1,500;1;Auction;2026-04-20 21:36 +0900
コレクター放出 ネオジオ リアルバウト餓狼伝説2 ROM カセット SNK NEO-GEO NEOGEO SNK RB2;https://page.auctions.yahoo.co.jp/jp/auction/h1226647669;¥76,000;33;Auction;2026-04-19 22:42 +0900
◆◇カ526 未開封 SS セガサターン ソフト REAL BOUT リアルバウト 餓狼伝説◇◆;https://page.auctions.yahoo.co.jp/jp/auction/h1187831989;¥4,800;1;Auction;2026-04-19 21:41 +0900
チラシ エスエヌケイ/SNK リアルバウト餓狼伝説2 THE NEWCOMERS RB2 ネオジオ NEOGEO パンフレット フライヤー【PP;https://page.auctions.yahoo.co.jp/jp/auction/c1226502765;¥5,144;9;Auction;2026-04-19 21:06 +0900
中古プラインスト☆彡SNKリアルバウト餓狼伝説・真サムライスピリッツ・ニンジャコンバット;https://page.auctions.yahoo.co.jp/jp/auction/n1226397047;¥650;1;Auction;2026-04-19 20:34 +0900
ネオジオCD リアルバウト餓狼伝説 SNK;https://page.auctions.yahoo.co.jp/jp/auction/z578658734;¥1,170;1;Buy-Now;2026-04-19 18:44 +0900
SNK リアルバウト 餓狼伝説 B2 ポスター 傷み有り品;https://page.auctions.yahoo.co.jp/jp/auction/h1226434523;¥8,000;1;Auction;2026-04-18 23:47 +0900
動作保証品 NG ネオジオCD リアルバウト餓狼伝説2 THE NEWCOMERS 箱説帯ハガキ付【PP;https://page.auctions.yahoo.co.jp/jp/auction/k1226393583;¥6,600;28;Auction;2026-04-18 22:17 +0900
動作保証品 SS セガサターン リアルバウト餓狼伝説ベストコレクション 箱説帯ハガキ付【PP;https://page.auctions.yahoo.co.jp/jp/auction/b1226386395;¥6,886;19;Auction;2026-04-18 21:15 +0900
1円出品 GB ゲームボーイ 熱闘リアルバウト餓狼伝説スペシャル ソフトのみ 起動確認済;https://page.auctions.yahoo.co.jp/jp/auction/g1222918475;¥682;9;Auction;2026-04-17 22:23 +0900
ネオジオ 2枚セット　/　リアルバウト 餓狼伝説　/　餓狼伝説3;https://page.auctions.yahoo.co.jp/jp/auction/w1225631273;¥1,000;1;Buy-Now;2026-04-16 17:06 +0900
NEOGEO リアルバウト餓狼伝説 ネオジオ ROM ロムカセット ソフト REALBOUT SNK;https://page.auctions.yahoo.co.jp/jp/auction/e1226188056;¥25,000;22;Auction;2026-04-15 22:40 +0900
コレクター放出 NEOGEO SNK NGH-2230 RealBout SPECIAL リアルバウト 餓狼伝説スペシャル ネオジオソフト;https://page.auctions.yahoo.co.jp/jp/auction/f1226178526;¥46,000;34;Auction;2026-04-15 22:39 +0900
【箱付き】リアルバウト餓狼伝説スペシャル セガサターン SS;https://page.auctions.yahoo.co.jp/jp/auction/k1226060927;¥3,190;7;Auction;2026-04-15 22:39 +0900
【箱付き】リアルバウト餓狼伝説 セガサターン SS;https://page.auctions.yahoo.co.jp/jp/auction/c1226059388;¥1,320;5;Auction;2026-04-15 22:07 +0900
動作保証品 NGCD ネオジオCD リアルバウト餓狼伝説スペシャル 箱説帯ハガキ付【PP;https://page.auctions.yahoo.co.jp/jp/auction/r1226053492;¥2,885;10;Auction;2026-04-15 21:56 +0900
動作保証品 NG ネオジオROM リアルバウト餓狼伝説 箱説付【10;https://page.auctions.yahoo.co.jp/jp/auction/k1226058800;¥23,650;21;Auction;2026-04-15 21:34 +0900
動作保証品 SS セガサターン リアルバウト餓狼伝説 拡張ラムカートリッジ付 REAL BOUT 箱説付【10;https://page.auctions.yahoo.co.jp/jp/auction/o1226052447;¥1,210;3;Auction;2026-04-15 21:05 +0900
【SS】 リアルバウト餓狼伝説スペシャル 拡張ラムカートリッジ付き;https://page.auctions.yahoo.co.jp/jp/auction/n1226656994;¥2,500;1;Buy-Now;2026-04-15 20:46 +0900
チラシ ネオジオ リアルバウト餓狼伝説 パンフレット カタログ フライヤー 短冊ポスター SNK neogeo;https://page.auctions.yahoo.co.jp/jp/auction/q1201745483;¥4,800;1;Auction;2026-04-14 22:15 +0900
【箱付き】リアルバウト餓狼伝説スペシャル ネオジオCD;https://page.auctions.yahoo.co.jp/jp/auction/x1225923453;¥924;1;Auction;2026-04-14 22:04 +0900
ネオジオROM　リアルバウト餓狼伝説　当時物;https://page.auctions.yahoo.co.jp/jp/auction/n1225861148;¥22,010;24;Auction;2026-04-14 19:04 +0900
NEOGEO ロムカセット リアルバウト餓狼伝説 REALBOUT 箱 説明書付き SNK レトロゲーム ジャンク B11120600;https://page.auctions.yahoo.co.jp/jp/auction/b1226178526;¥21,670;7;Auction;2026-04-13 23:17 +0900
【箱付き】リアルバウト餓狼伝説 セガサターン SS;https://page.auctions.yahoo.co.jp/jp/auction/d1225927927;¥902;1;Auction;2026-04-13 22:41 +0900
NEOGEO CD ソフト 大量まとめ KOF95 96 97 リアルバウト 餓狼伝説 サムスピ SNK 格ゲー ジャンク品;https://page.auctions.yahoo.co.jp/jp/auction/c1225650948;¥11,000;7;Auction;2026-04-12 23:11 +0900
SNK NEOGEO ネオジオ ROMカセット リアルバウト餓狼伝説 説明書無し;https://page.auctions.yahoo.co.jp/jp/auction/o1225927508;¥15,500;6;Auction;2026-04-12 22:39 +0900
ネオジオソフト リアルバウト餓狼伝説 SNK ケース・説明書付 NEOGEO_長Dt55;https://page.auctions.yahoo.co.jp/jp/auction/w1225878828;¥25,850;21;Auction;2026-04-12 21:15 +0900
NEOGEO ネオジオ リアルバウト餓狼伝説 SNK 餓狼伝説 REAL BOUT ROM ロムカセット NG;https://page.auctions.yahoo.co.jp/jp/auction/z590615222;¥23,800;1;Buy-Now;2026-04-11 07:10 +0900
中古攻略本NEOGEO リアルバウト餓狼伝説スペシャル グラフィカルマニュアル;https://page.auctions.yahoo.co.jp/jp/auction/e1213695983;¥1,460;1;Buy-Now;2026-04-10 16:25 +0900
ネオジオ カセット SNK RB2 リアルバウト餓狼伝説2 対戦格闘アクション AES NEOGEO ロム ROM レトロゲーム;https://page.auctions.yahoo.co.jp/jp/auction/z582522462;¥55,000;1;Buy-Now;2026-04-10 04:20 +0900
【箱付き】【動作品】リアルバウト餓狼伝説2 ザ・ニューカマーズ ネオジオ NEOGEO;https://page.auctions.yahoo.co.jp/jp/auction/l1225544683;¥69,300;2;Auction;2026-04-09 22:29 +0900
熱闘リアルバウト餓狼伝説スペシャル ゲームボーイ GB;https://page.auctions.yahoo.co.jp/jp/auction/t1225538040;¥1,013;5;Auction;2026-04-09 22:20 +0900
【箱付き】リアルバウト餓狼伝説スペシャル ネオジオCD;https://page.auctions.yahoo.co.jp/jp/auction/s1225546714;¥1,540;1;Auction;2026-04-09 22:12 +0900
未確認　ネオジオ　MVS　カートリッジ　リアルバウト餓狼伝説スペシャル;https://page.auctions.yahoo.co.jp/jp/auction/g1189285820;¥12,800;1;Auction;2026-04-09 00:09 +0900
【箱付き】リアルバウト餓狼伝説 セガサターン SS;https://page.auctions.yahoo.co.jp/jp/auction/b1225199119;¥2,107;4;Auction;2026-04-08 23:00 +0900
【箱付き】リアルバウト餓狼伝説2 ザ・ニューカマーズ ネオジオCD;https://page.auctions.yahoo.co.jp/jp/auction/d1225204131;¥4,950;1;Auction;2026-04-08 22:24 +0900
SNK　NEOGEO　リアルバウト餓狼伝説　未使用インスト＆プラインスト＆説明書　アーカイブ用にいかがでしょう？;https://page.auctions.yahoo.co.jp/jp/auction/h1225284187;¥888;1;Auction;2026-04-08 21:18 +0900
動作保証品 PS プレステ リアルバウト餓狼伝説/スペシャル ドミネイテッドマインド まとめて 2本セット 箱説帯付【PP;https://page.auctions.yahoo.co.jp/jp/auction/r1225253516;¥4,070;9;Auction;2026-04-08 21:10 +0900
【箱付き】リアルバウト餓狼伝説 セガサターン SS;https://page.auctions.yahoo.co.jp/jp/auction/g1225093039;¥1,452;3;Auction;2026-04-07 22:10 +0900
リアルバウト餓狼伝説 A2 クリアポスター 未開封品　さらばギース;https://page.auctions.yahoo.co.jp/jp/auction/z582980646;¥3,650;1;Buy-Now;2026-04-07 18:23 +0900
熱闘リアルバウト餓狼伝説スペシャル ゲームボーイ GB;https://page.auctions.yahoo.co.jp/jp/auction/d1225099719;¥858;9;Auction;2026-04-06 23:21 +0900
☆　リアルバウト餓狼伝説　2　 !　;https://page.auctions.yahoo.co.jp/jp/auction/r1224951940;¥11,111;9;Auction;2026-04-06 21:08 +0900
【SS】 リアルバウト餓狼伝説;https://page.auctions.yahoo.co.jp/jp/auction/z577899214;¥1,700;1;Buy-Now;2026-04-06 16:13 +0900
月刊ネオジオフリーク 1998年4月号 未使用ポスター付き NEOGEO FREAK リアルバウト餓狼伝説2 月華の剣士 侍魂;https://page.auctions.yahoo.co.jp/jp/auction/z558935870;¥3,800;1;Buy-Now;2026-04-06 11:41 +0900
リアルバウト餓狼伝説2　純正インスト+取扱説明書+帯2本+プラバン　MVS　NEOGEO　S633;https://page.auctions.yahoo.co.jp/jp/auction/r1225100496;¥6,317;1;Auction;2026-04-05 23:10 +0900
リアルバウト餓狼伝説スペシャル　純正インスト+取扱説明書+帯2本+プラバン　MVS　NEOGEO　S633;https://page.auctions.yahoo.co.jp/jp/auction/p1225106403;¥5,415;1;Auction;2026-04-05 23:08 +0900
ゲームミュージック　サントラ　ドラマCDなど　リアルバウト 餓狼伝説　SNK 新世界楽曲雑技団　SAKA73;https://page.auctions.yahoo.co.jp/jp/auction/n1224027596;¥530;14;Auction;2026-04-05 22:41 +0900
SS セガサターン リアルバウト餓狼伝説スペシャル REAL BOUT FATAL FURY SPECIAL 帯・葉書付きです;https://page.auctions.yahoo.co.jp/jp/auction/n1224605249;¥1,400;5;Auction;2026-04-05 22:38 +0900
アクスタ SNK RB リアルバウト 餓狼伝説 ピクセル 仰ぎ アクリルスタンド 不知火舞;https://page.auctions.yahoo.co.jp/jp/auction/z578559902;¥8,000;1;Buy-Now;2026-04-04 22:51 +0900
【箱付き】リアルバウト餓狼伝説 セガサターン SS;https://page.auctions.yahoo.co.jp/jp/auction/g1224834449;¥2,420;9;Auction;2026-04-04 22:40 +0900
SNK ネオジオ NEOGEO リアルバウト 餓狼伝説 PIXEL アクリルスタンド キム・カッファン キム・ドンファン キム・ジェイフン アクスタ;https://page.auctions.yahoo.co.jp/jp/auction/d1224907288;¥900;31;Auction;2026-04-04 22:30 +0900
SNK ネオジオ NEOGEO リアルバウト 餓狼伝説 PIXEL アクリルスタンド ブルー・マリー アクスタ 餓狼伝説3 THE KING OF FIGHTERS;https://page.auctions.yahoo.co.jp/jp/auction/c1225006594;¥960;11;Auction;2026-04-04 22:12 +0900
SNK ネオジオ NEOGEO リアルバウト 餓狼伝説 PIXEL アクリルスタンド ホンフゥ アクスタ ピクセルアクリルスタンド;https://page.auctions.yahoo.co.jp/jp/auction/n1225010674;¥201;5;Auction;2026-04-04 22:06 +0900
SNK ネオジオ NEOGEO SNKプレイモア リアルバウト 餓狼伝説 PIXEL アクリルスタンド ボブ・ウィルソン カポエラ アクスタ;https://page.auctions.yahoo.co.jp/jp/auction/j1225012250;¥121;4;Auction;2026-04-04 22:05 +0900
ドール リアルバウト餓狼伝説2 不知火舞 ソムリエナオミ 他 6点 グッズセット 訳有;https://page.auctions.yahoo.co.jp/jp/auction/j1224890464;¥7,150;16;Auction;2026-04-03 23:32 +0900
月刊ネオジオフリーク 1996年3月号 付録欠 リアルバウト餓狼伝説【◇6DV3108】;https://page.auctions.yahoo.co.jp/jp/auction/u1221948339;¥1,000;1;Auction;2026-04-03 22:16 +0900
【NG】 リアルバウト餓狼伝説 B;https://page.auctions.yahoo.co.jp/jp/auction/z586258626;¥25,000;1;Buy-Now;2026-04-03 21:17 +0900
【箱付き】リアルバウト餓狼伝説 セガサターン SS;https://page.auctions.yahoo.co.jp/jp/auction/f1224706382;¥1,650;10;Auction;2026-04-02 22:52 +0900
【箱付き】リアルバウト餓狼伝説 セガサターン SS;https://page.auctions.yahoo.co.jp/jp/auction/n1224414462;¥1,353;5;Auction;2026-04-01 22:48 +0900
▲ ネオジオCD 2点 まとめて/リアルバウト餓狼伝説 ケース付 取説無し/餓狼伝説3 遥かなる闘い 帯付き ケース 説明書付/ SNK 71010;https://page.auctions.yahoo.co.jp/jp/auction/b1203384380;¥1,750;1;Buy-Now;2026-04-01 04:54 +0900
動作保証品 NGCD ネオジオCD リアルバウト餓狼伝説スペシャル 箱説帯ハガキ付【PP;https://page.auctions.yahoo.co.jp/jp/auction/u1224286961;¥2,736;11;Auction;2026-03-31 21:59 +0900
動作保証品 NGCD ネオジオCD リアルバウト餓狼伝説2 THE NEWCOMERS 箱説帯付【PP;https://page.auctions.yahoo.co.jp/jp/auction/h1224283639;¥6,215;17;Auction;2026-03-31 21:38 +0900
未開封 リアルバウト餓狼伝説スペシャル 純正インスト+取扱説明書 MVS ネオジオ SNK Fatal Fury;https://page.auctions.yahoo.co.jp/jp/auction/h1223864564;¥1,800;1;Auction;2026-03-30 21:31 +0900
0327-20 SNK NEOGEO リアルバウト 餓狼伝説スペシャル MVS カセット / アーケード ゲーム 基板 キングオブファイターズ エスエヌケー;https://page.auctions.yahoo.co.jp/jp/auction/l1224478883;¥11,500;12;Auction;2026-03-29 22:45 +0900
0327-22 SNK NEOGEO リアルバウト 餓狼伝説2 MVS カセット / アーケード ゲーム 基板 キングオブファイターズ エスエヌケー ネオジオ;https://page.auctions.yahoo.co.jp/jp/auction/q1224481415;¥12,000;8;Auction;2026-03-29 22:44 +0900
ゲームミュージック　サントラ　ドラマCDなど　リアルバウト 餓狼伝説　アレンジサウンドトラックス　SNK 新世界楽曲雑技団　SAKA71;https://page.auctions.yahoo.co.jp/jp/auction/h1224029627;¥1,300;5;Auction;2026-03-29 22:34 +0900
ゲームミュージック　サントラ　ドラマCDなど　リアルバウト 餓狼伝説 2　SNK 新世界楽曲雑技団　SAKA130;https://page.auctions.yahoo.co.jp/jp/auction/q1224118154;¥1,300;3;Auction;2026-03-29 22:32 +0900
リアルバウト餓狼伝説　SNK NEOGEO CD ネオジオCD 動作確認済 　SAKA4;https://page.auctions.yahoo.co.jp/jp/auction/c1224029540;¥810;10;Auction;2026-03-29 22:22 +0900
熱闘リアルバウト餓狼伝説スペシャル ゲームボーイ GB;https://page.auctions.yahoo.co.jp/jp/auction/x1224108019;¥891;13;Auction;2026-03-29 22:21 +0900
ゲームミュージック　サントラ　ドラマCDなど　リアルバウト 餓狼伝説 スペシャル　SNK 新世界楽曲雑技団　SAKA63;https://page.auctions.yahoo.co.jp/jp/auction/1224029968;¥990;1;Auction;2026-03-29 22:20 +0900
リアルバウト餓狼伝説スペシャル　SNK NEOGEO CD ネオジオCD 動作確認済 　SAKA6;https://page.auctions.yahoo.co.jp/jp/auction/l1224031347;¥3,700;14;Auction;2026-03-29 22:12 +0900
Real Bout Fatal Fury 2 The Newcomers /リアルバウト餓狼伝説2　THE NEWCOMERS　カタログ・パンフ　販促品　未使用・非売品(not for sale);https://page.auctions.yahoo.co.jp/jp/auction/j1216270534;¥9,800;1;Auction;2026-03-29 21:47 +0900
NEOGEO リアルバウト餓狼伝説 ネオジオ ROM ロムカセット ソフト REALBOUT SNK;https://page.auctions.yahoo.co.jp/jp/auction/h1224114173;¥21,500;3;Auction;2026-03-29 21:38 +0900
〇AN-112 USED　GB　ゲームボーイ　熱闘 リアルバウト餓狼伝説スペシャル;https://page.auctions.yahoo.co.jp/jp/auction/o1176290969;¥8,980;1;Auction;2026-03-29 20:31 +0900
リアルバウト餓狼伝説 ネオジオCD 取説 帯 付 SNK NEOGEO CD ジャンク品 ゲームソフト a26030034nn;https://page.auctions.yahoo.co.jp/jp/auction/m1222304844;¥1,001;1;Auction;2026-03-28 22:43 +0900
動作保証品 NG ネオジオROM リアルバウト餓狼伝説 箱付【10;https://page.auctions.yahoo.co.jp/jp/auction/d1223917371;¥17,050;18;Auction;2026-03-28 21:03 +0900
リアルバウト餓狼伝説2 THE NEWCOMERS ゲーメストムック PLUSシリーズ Vol.1 攻略本;https://page.auctions.yahoo.co.jp/jp/auction/b1222147200;¥2,980;1;Auction;2026-03-28 20:49 +0900
【中古】 NEOGEO ネオジオ ソフト リアルバウト餓狼伝説2;https://page.auctions.yahoo.co.jp/jp/auction/z582119562;¥62,490;1;Buy-Now;2026-03-26 06:44 +0900
動作保証品 NG ネオジオCD 真サムライスピリッツ/リアルバウト餓狼伝説 等 まとめて 3本セット 箱説付【10;https://page.auctions.yahoo.co.jp/jp/auction/o1223524962;¥1,431;3;Auction;2026-03-24 21:42 +0900
Real Bout Fatal Fury リアルバウト餓狼伝説 スペシャル メガドライブ;https://page.auctions.yahoo.co.jp/jp/auction/r1223734811;¥6,800;1;Auction;2026-03-23 21:55 +0900
※箱のみ エスエヌケイ/SNK リアルバウト餓狼伝説スペシャル REALBOUT SPECIAL MVS 基板箱 輸送箱【10;https://page.auctions.yahoo.co.jp/jp/auction/j1223391819;¥12,100;14;Auction;2026-03-23 21:07 +0900
【SS】 SEGA セガサターン リアルバウト★餓狼伝説スペシャル 検品済 動作品 帯あり;https://page.auctions.yahoo.co.jp/jp/auction/z551982138;¥2,000;1;Buy-Now;2026-03-23 11:34 +0900
動作確認済 ［ NEOGEO ROMカセット ］ リアルバウト餓狼伝説 【中古品】［取説有り］ ネオジオ ロムカセット;https://page.auctions.yahoo.co.jp/jp/auction/v1223192915;¥24,000;13;Auction;2026-03-22 22:03 +0900
SSセガサターンソフト 格ゲー19本◇バトルモンスターズ/ストリートファイターZERO2/リアルバウト餓狼伝説スペシャル/バーチャファイター;https://page.auctions.yahoo.co.jp/jp/auction/u1223401745;¥8,250;35;Auction;2026-03-22 21:12 +0900
プレイステーション 帯のみ PS PS1 リアルバウト餓狼伝説スペシャル ドミネイテッドマインド 初回限定版;https://page.auctions.yahoo.co.jp/jp/auction/m1219735704;¥1,000;1;Auction;2026-03-22 15:17 +0900
ゲーメスト　ムック　リアルバウト餓狼伝説スペシャル　グラフィカルマニュアル;https://page.auctions.yahoo.co.jp/jp/auction/r1222125215;¥1,950;1;Auction;2026-03-22 11:26 +0900
NEOGEO CD ソフト 餓狼伝説3 ソニックウィングス3 リアルバウト ザキングオブファイターズ 風雲黙示録 等 大量 まとめて 6点 Z13;https://page.auctions.yahoo.co.jp/jp/auction/h1222986689;¥3,900;12;Auction;2026-03-21 22:20 +0900
※ROMのみ エスエヌケイ/SNK リアルバウト餓狼伝説スペシャル REALBOUT SPECIAL MVS キャラ化け ジャンク【10;https://page.auctions.yahoo.co.jp/jp/auction/u1223144601;¥4,598;11;Auction;2026-03-21 21:28 +0900
SNK NEOGEO ネオジオ ロムカセット ゲームソフト RealBout SPECIAL リアルバウト餓狼伝説スペシャル 保存ケース付;https://page.auctions.yahoo.co.jp/jp/auction/s1220355874;¥17,102;3;Auction;2026-03-20 23:02 +0900
【SS】 リアルバウト餓狼伝説 セガサターン 餓狼伝説 リアルバウト REAL BOUT CD 拡張RAMカートリッジ付き;https://page.auctions.yahoo.co.jp/jp/auction/e1222902956;¥1,400;4;Auction;2026-03-20 18:52 +0900
【SS】 リアルバウト餓狼伝説スペシャル　拡張ラムカートリッジ４ＭＢ　難有り　KOF96オマケ;https://page.auctions.yahoo.co.jp/jp/auction/o1223525150;¥2,800;1;Auction;2026-03-20 16:28 +0900
SNK ネオジオ NEOGEO アクリルスタンド PIXEL アクスタ ピクセルアクリルスタンド ホンフゥ リアルバウト 餓狼伝説;https://page.auctions.yahoo.co.jp/jp/auction/t1223014566;¥1;1;Auction;2026-03-19 22:23 +0900
SNK ネオジオ NEOGEO アクリルスタンド PIXEL アクスタ ピクセルアクリルスタンド フランコ・バッシュ リアルバウト 餓狼伝説;https://page.auctions.yahoo.co.jp/jp/auction/j1223009120;¥1;1;Auction;2026-03-19 22:23 +0900
AP 20-5 ニンテンドー GAME BOY ゲームボーイ ゲームソフト 熱闘 リアルバウト 餓狼伝説 スペシャル 箱 / 取扱説明書付;https://page.auctions.yahoo.co.jp/jp/auction/m1219313065;¥3,500;1;Auction;2026-03-19 21:07 +0900
セガサターン SSソフト リアルバウト餓狼伝説スペシャル;https://page.auctions.yahoo.co.jp/jp/auction/z575126936;¥1,180;1;Buy-Now;2026-03-19 17:10 +0900
【箱付き】リアルバウト餓狼伝説スペシャル・ドミネイテッドマインド PS1;https://page.auctions.yahoo.co.jp/jp/auction/p1222798076;¥2,310;7;Auction;2026-03-18 22:23 +0900
☆PS プレステ リアルバウト餓狼伝説スペシャル ドミネイテッドマインド SNK エス・エヌ・ケイ 箱説ハガキ付【PP;https://page.auctions.yahoo.co.jp/jp/auction/b1222825759;¥4,180;5;Auction;2026-03-18 21:14 +0900
セガサターン リアルバウト餓狼伝説 拡張ラムカートリッジ付 SNK;https://page.auctions.yahoo.co.jp/jp/auction/z569589014;¥4,299;1;Buy-Now;2026-03-18 13:37 +0900
動作確認済　 リアルバウト餓狼伝説スペシャル　拡張ラム付 セガサターン;https://page.auctions.yahoo.co.jp/jp/auction/z561476512;¥1,580;1;Buy-Now;2026-03-18 13:35 +0900
26-PS-73-T　ジャンク動作品　プレイステーション　リアルバウト餓狼伝説;https://page.auctions.yahoo.co.jp/jp/auction/d1218631912;¥850;1;Buy-Now;2026-03-18 09:31 +0900
熱闘リアルバウト餓狼伝説スペシャル ゲームボーイ GB;https://page.auctions.yahoo.co.jp/jp/auction/h1222800112;¥682;3;Auction;2026-03-17 23:03 +0900
69242■GB　熱闘 リアルバウト餓狼伝説スペシャル　;https://page.auctions.yahoo.co.jp/jp/auction/n1155077153;¥10,000;1;Auction;2026-03-17 22:52 +0900
YH8315【販促ポスター】Real Bout SPECIAL リアルバウト 餓狼伝説 スペシャル 1996年 SNK セガサターン ゲーム ポスター 当時物;https://page.auctions.yahoo.co.jp/jp/auction/m1222817116;¥5,805;6;Auction;2026-03-17 22:33 +0900
美品 ゲームボーイ 熱闘 リアルバウト餓狼伝説スペシャル　GB 箱説明書付き;https://page.auctions.yahoo.co.jp/jp/auction/z576960528;¥6,500;1;Buy-Now;2026-03-17 14:36 +0900
リアルバウト餓狼伝説２　ＴＨＥ　ＮＥＷＣ （ＧＡＭＥＳＴ　ＭＯＯＫ１３２　ＰＵＬＳ１） ゲーメスト編集部　編　攻略本;https://page.auctions.yahoo.co.jp/jp/auction/1213221340;¥3,500;1;Buy-Now;2026-03-17 09:16 +0900
【コレクション放出 No.65】　リアルバウト餓狼伝説スペシャル　メガドライブ版;https://page.auctions.yahoo.co.jp/jp/auction/m1222468579;¥6,600;1;Buy-Now;2026-03-17 05:33 +0900
【箱付き】リアルバウト餓狼伝説 PS1;https://page.auctions.yahoo.co.jp/jp/auction/q1222671097;¥814;9;Auction;2026-03-16 22:59 +0900
チラシ ネオジオ リアルバウト 餓狼伝説 スペシャル SNK ゲーム ポスター フライヤー パンフレット カタログ;https://page.auctions.yahoo.co.jp/jp/auction/p1222989942;¥3,000;1;Auction;2026-03-16 22:45 +0900
中古ロム【リアルバウト餓狼伝説スペシャル / Real Bout Fatal Fury Special】＊SNK Neo Geo、タイトルシール付！;https://page.auctions.yahoo.co.jp/jp/auction/v1222300223;¥5,000;1;Auction;2026-03-16 21:48 +0900
PlayStation 帯とハガキのみ　リアルバウト餓狼伝説スペシャル　ドミネイテッドマインド　プレステ;https://page.auctions.yahoo.co.jp/jp/auction/x1222473944;¥500;1;Auction;2026-03-16 20:56 +0900
【ソフトのみ】【動作確認済】熱闘リアルバウト餓狼伝説スペシャル ;https://page.auctions.yahoo.co.jp/jp/auction/c1219695402;¥1,200;1;Auction;2026-03-15 23:06 +0900
【箱付き】【動作品】リアルバウト餓狼伝説スペシャル ネオジオ NEOGEO;https://page.auctions.yahoo.co.jp/jp/auction/k1222669743;¥45,650;11;Auction;2026-03-15 22:57 +0900
※箱のみ エスエヌケイ/SNK リアルバウト餓狼伝説スペシャル REALBOUT SPECIAL MVS 基板箱 輸送箱【10;https://page.auctions.yahoo.co.jp/jp/auction/r1222325192;¥3,960;19;Auction;2026-03-14 21:37 +0900
GBソフト　熱闘 リアルバウト餓狼伝説スペシャル (箱説なし)　ゲームボーイ(GAME　BOY)用ソフト;https://page.auctions.yahoo.co.jp/jp/auction/r1221243639;¥1,320;1;Auction;2026-03-14 21:04 +0900
●【リアルバウト餓狼伝説】ネオジオROM レトロゲーム　箱　説明書あり　格闘ゲーム;https://page.auctions.yahoo.co.jp/jp/auction/g1218610352;¥33,000;1;Buy-Now;2026-03-14 18:04 +0900
セガサターン リアルバウト餓狼伝説スペシャル;https://page.auctions.yahoo.co.jp/jp/auction/w1222112931;¥1,700;5;Auction;2026-03-13 21:09 +0900
SS リアルバウト餓狼伝説 ディスクのみ;https://page.auctions.yahoo.co.jp/jp/auction/z561130806;¥300;1;Buy-Now;2026-03-13 19:14 +0900
【NG】 リアルバウト餓狼伝説2 〜THE NEWCOMERS〜;https://page.auctions.yahoo.co.jp/jp/auction/z552849734;¥74,100;1;Buy-Now;2026-03-11 23:04 +0900
【箱付き】リアルバウト餓狼伝説 セガサターン SS;https://page.auctions.yahoo.co.jp/jp/auction/h1222311040;¥1,430;10;Auction;2026-03-11 22:33 +0900
リアルバウト餓狼伝説スペシャル;https://page.auctions.yahoo.co.jp/jp/auction/t1206550972;¥2,530;1;Auction;2026-03-11 22:22 +0900
ゲームボーイ 熱闘 リアルバウト 餓狼伝説スペシャル GB ゲームソフト Nintendo 箱 説明書;https://page.auctions.yahoo.co.jp/jp/auction/e1186377458;¥11,000;2;Auction;2026-03-10 23:45 +0900
NEO GEO ロムカセット REAL BOUT 餓狼伝説 リアルバウトがろうでんせつ ゲームカセット 付属品あり 現状品;https://page.auctions.yahoo.co.jp/jp/auction/q1221278830;¥20,002;1;Auction;2026-03-10 23:21 +0900
SNK NEOGEO リアルバウト餓狼伝説スペシャル 動作確認・清掃・メンテナンス済 | ゲームソフトROM ネオジオ;https://page.auctions.yahoo.co.jp/jp/auction/n1221384145;¥59,800;1;Buy-Now;2026-03-10 22:40 +0900
mW847a [まとめ] ネオジオCD リアルバウト餓狼伝説 スペシャル ザキングオブファイターズ 95 96 97 98 計6点☆ | ゲーム R;https://page.auctions.yahoo.co.jp/jp/auction/o1221971983;¥5,588;7;Auction;2026-03-10 22:18 +0900
SNK　NEOGEO　リアルバウト餓狼伝説スペシャル　USEDインスト＆帯シール　アーカイブ用にいかがでしょう？;https://page.auctions.yahoo.co.jp/jp/auction/u1221792378;¥787;2;Auction;2026-03-10 20:42 +0900
【PS】餓狼伝説シリーズ/リアルバウト餓狼伝説 帯付き/リアルバウト ドミネイテッドマインド 初回限定版/ワイルドアンビション 完品/美品;https://page.auctions.yahoo.co.jp/jp/auction/n1219709007;¥9,000;1;Buy-Now;2026-03-10 16:44 +0900
ネオジオROM　リアルバウト餓狼伝説　当時物;https://page.auctions.yahoo.co.jp/jp/auction/q1221742533;¥23,750;20;Auction;2026-03-09 19:14 +0900
ネオジオCD リアルバウト餓狼伝説2 THE NEWCOMERS SNK 帯 ハガキ付き;https://page.auctions.yahoo.co.jp/jp/auction/z564156980;¥6,800;1;Buy-Now;2026-03-09 06:51 +0900
NEOGEO ネオジオROM SNKリアルバウト餓狼伝説2 ;https://page.auctions.yahoo.co.jp/jp/auction/w1221360356;¥77,100;72;Auction;2026-03-08 23:04 +0900
1円〜 NEOGEO ネオジオ リアルバウト餓狼伝説 真サムライスピリッツ 他;https://page.auctions.yahoo.co.jp/jp/auction/1221958299;¥16,225;19;Auction;2026-03-08 22:45 +0900
帯付き3個セット★餓狼伝説スペシャル／餓狼伝説3／リアルバウト餓狼伝説★ネオジオCD;https://page.auctions.yahoo.co.jp/jp/auction/p1221498716;¥4,321;20;Auction;2026-03-08 22:25 +0900
【箱付き】リアルバウト餓狼伝説 PS1;https://page.auctions.yahoo.co.jp/jp/auction/w1221598258;¥622;25;Auction;2026-03-07 23:05 +0900
動作保証品 GB ゲームボーイ 熱闘 リアルバウト餓狼伝説スペシャル SPECIAL タカラ TAKARA 箱説付【PP;https://page.auctions.yahoo.co.jp/jp/auction/k1221480317;¥3,438;21;Auction;2026-03-07 21:34 +0900
SNK ネオジオ NEOGEO アクリルスタンド PIXEL アクスタ ピクセルアクリルスタンド ダックキングリアルバウト 餓狼伝説 KOF;https://page.auctions.yahoo.co.jp/jp/auction/s1221235773;¥220;8;Auction;2026-03-06 22:35 +0900
SNK ネオジオ NEOGEO アクリルスタンド PIXEL アクスタ ピクセルアクリルスタンド 山崎竜二 オロチ八傑集 リアルバウト 餓狼伝説 KOF;https://page.auctions.yahoo.co.jp/jp/auction/g1221233547;¥1,050;30;Auction;2026-03-06 22:30 +0900
【中古現状品】SS リアルバウト 餓狼伝説 拡張ラムカートリッジ同梱版 セガサターン SNK REAL BOUT GA1A-S60-2R496;https://page.auctions.yahoo.co.jp/jp/auction/f1220651156;¥2,500;1;Auction;2026-03-06 21:45 +0900
『リアルバウト餓狼伝説2』（REAL BOUT 餓狼伝説2）純正インスト左右２枚＋横帯２枚　 SNK;https://page.auctions.yahoo.co.jp/jp/auction/o1221434900;¥2,300;8;Auction;2026-03-06 21:15 +0900
『リアルバウト餓狼伝説』（REAL BOUT 餓狼伝説）純正インスト左右２枚＋取扱説明 SNK;https://page.auctions.yahoo.co.jp/jp/auction/x1221423341;¥1,311;5;Auction;2026-03-06 21:09 +0900
熱闘リアルバウト餓狼伝説スペシャル;https://page.auctions.yahoo.co.jp/jp/auction/b1200164410;¥7,480;1;Auction;2026-03-05 22:00 +0900
PS リアルバウト餓狼伝説 プレイステーション SNK;https://page.auctions.yahoo.co.jp/jp/auction/z555192988;¥1,350;1;Buy-Now;2026-03-04 22:30 +0900
未開封 リアルバウト餓狼伝説スペシャル 純正インスト+取扱説明書 MVS ネオジオ SNK;https://page.auctions.yahoo.co.jp/jp/auction/w1221347705;¥1,800;1;Auction;2026-03-04 21:26 +0900
中古ロム【リアルバウト餓狼伝説スペシャル / Real Bout Fatal Fury Special】＊SNK Neo Geo、タイトルシール付！;https://page.auctions.yahoo.co.jp/jp/auction/o1218427882;¥5,000;1;Auction;2026-03-04 21:07 +0900
【GB】リアルバウト餓狼伝説SPECIAL 良品!!;https://page.auctions.yahoo.co.jp/jp/auction/z523671974;¥5,800;1;Buy-Now;2026-03-04 13:00 +0900
サントラ　リアルバウト餓狼伝説　餓狼伝説3　SNK新世界楽曲雑技団　4本まとめ;https://page.auctions.yahoo.co.jp/jp/auction/c1219900180;¥2,000;1;Auction;2026-03-03 21:54 +0900
美品 ネオジオ リアルバウト餓狼伝説 餓狼伝説3 箱説明書有り レトロゲーム NEOGEO;https://page.auctions.yahoo.co.jp/jp/auction/p1221213331;¥50,001;33;Auction;2026-03-02 22:16 +0900
動作保証品 SS セガサターン リアルバウト餓狼伝説ベストコレクション エス・エヌ・ケイ SNK 箱説帯ハガキ付【10;https://page.auctions.yahoo.co.jp/jp/auction/n1220890320;¥7,293;9;Auction;2026-03-02 21:26 +0900
リアルバウト餓狼伝説 ★帯あり NEOGEO ネオジオCD 中古ソフト SNK NCD ;https://page.auctions.yahoo.co.jp/jp/auction/f1220663204;¥3,200;8;Auction;2026-03-01 23:23 +0900
★【在庫処分価格】GB ソフト 幽遊白書 餓狼伝説 らんま1/2 グランダー武蔵 リアルバウト 5点 経年保管品 現状品☆C2-939J;https://page.auctions.yahoo.co.jp/jp/auction/h1221156031;¥4,100;17;Auction;2026-03-01 22:55 +0900
【箱付き】リアルバウト餓狼伝説 ネオジオCD;https://page.auctions.yahoo.co.jp/jp/auction/q1220774151;¥3,410;8;Auction;2026-02-28 22:50 +0900
PS リアルバウト餓狼伝説スペシャル ドミネイテッドマインド 初回限定版 1円～;https://page.auctions.yahoo.co.jp/jp/auction/1220455976;¥5,204;19;Auction;2026-02-28 21:32 +0900
熱闘リアルバウト餓狼伝説スペシャル ゲームボーイ GB;https://page.auctions.yahoo.co.jp/jp/auction/l1220769075;¥569;8;Auction;2026-02-27 22:19 +0900
●格闘ゲーム【リアルバウト餓狼伝説2】ネオジオROM レトロゲーム　箱　説明書あり　0206テリー　舞;https://page.auctions.yahoo.co.jp/jp/auction/q1218609656;¥88,000;1;Buy-Now;2026-02-26 06:33 +0900
ゲームボーイ GB ソフトのみ 熱闘 リアルバウト 餓狼伝説 SPECIAL;https://page.auctions.yahoo.co.jp/jp/auction/z563984952;¥1,100;1;Buy-Now;2026-02-25 20:16 +0900
SNK NEOGEO リアルバウト餓狼伝説、2、スペシャル　ワールドヒーローズ　真サムスピ　得点王2 インスト、帯、説明書　まとめて　セット;https://page.auctions.yahoo.co.jp/jp/auction/o1219668164;¥4,500;1;Auction;2026-02-25 01:14 +0900
ネオジオROMカートリッジ　リアルバウト餓狼伝説2 THE NEW COMERS　SNK;https://page.auctions.yahoo.co.jp/jp/auction/b1220677024;¥58,500;2;Auction;2026-02-24 23:58 +0900
リアルバウト 餓狼伝説スペシャル[240024330531];https://page.auctions.yahoo.co.jp/jp/auction/v1142186459;¥54,780;1;Auction;2026-02-24 22:32 +0900
AFV-260219-890 SEGA SATURN セガサターン REAL BOUT リアルバウト餓狼伝説 ギース・ハワード、最後の戦い ゲームソフト;https://page.auctions.yahoo.co.jp/jp/auction/w1220320529;¥1,400;5;Auction;2026-02-24 21:46 +0900
動作保証品 NG ネオジオCD リアルバウト 餓狼伝説/サムライスピリッツ/天草降臨/斬紅郎無双剣 等 まとめて 8本セット SNK 箱説付【10;https://page.auctions.yahoo.co.jp/jp/auction/p1220199937;¥13,476;29;Auction;2026-02-24 21:45 +0900
【中古】NG）リアルバウト 餓狼伝説[240024513899];https://page.auctions.yahoo.co.jp/jp/auction/o1186300320;¥27,280;1;Auction;2026-02-24 20:17 +0900
熱闘 リアルバウト餓狼伝説スペシャル　ゲームボーイ用ソフト ;https://page.auctions.yahoo.co.jp/jp/auction/p1220671770;¥1,000;1;Buy-Now;2026-02-24 16:21 +0900
■即決■　SS　リアルバウト 餓狼伝説 拡張ラムカートリッジ付き　セガサターン;https://page.auctions.yahoo.co.jp/jp/auction/d1220191782;¥2,780;1;Buy-Now;2026-02-23 23:28 +0900
未検品★SS セガサターン(帯説付き)パンツァードラグーン/リアルバウト餓狼伝説/メルティランサー等 計5本セット まとめ売り e219;https://page.auctions.yahoo.co.jp/jp/auction/m1220082143;¥3,100;8;Auction;2026-02-23 22:23 +0900
1円〜 未開封 ネオジオCD リアルバウト餓狼伝説スペシャル;https://page.auctions.yahoo.co.jp/jp/auction/o1220346514;¥11,550;22;Auction;2026-02-22 23:03 +0900
リアルバウト餓狼伝説 ポスター 当時物 非売品 B2サイズ 販促用 告知 アーケード ゲーム 希少 レア ネオジオ KOF SNK #80※917;https://page.auctions.yahoo.co.jp/jp/auction/d1217840972;¥10,000;1;Auction;2026-02-22 22:58 +0900
1円出品 GB ゲームボーイ 熱闘リアルバウト餓狼伝説スペシャル ソフトのみ 起動確認済;https://page.auctions.yahoo.co.jp/jp/auction/w1214023084;¥410;7;Auction;2026-02-22 22:44 +0900
★美品★ NEO GEO CD ゲームソフト 「リアルバウト餓狼伝説2/THE NEWCOMERS」/帯付き/エスネヌケイ SNK/ネオジオCD　C;https://page.auctions.yahoo.co.jp/jp/auction/r1208410235;¥5,250;2;Auction;2026-02-22 22:35 +0900
リアルバウト餓狼伝説;https://page.auctions.yahoo.co.jp/jp/auction/o1218552685;¥832;1;Auction;2026-02-21 22:48 +0900
リアルバウト　餓狼伝説 PS1 プレイステーション;https://page.auctions.yahoo.co.jp/jp/auction/z562388302;¥1,180;1;Buy-Now;2026-02-20 21:47 +0900
SNK ネオジオ リアルバウト餓狼伝説2 RB2 対戦格闘アクション ゲームカートリッジ ケース付き 現状品;https://page.auctions.yahoo.co.jp/jp/auction/b1219959608;¥60,000;1;Auction;2026-02-19 23:22 +0900
ソフトバンク リアルバウト餓狼伝説スペシャル ドミネイテッドマインド オフィシャルガイド 週刊ザ・プレイステーション 攻略本 SNK;https://page.auctions.yahoo.co.jp/jp/auction/j1205976187;¥1,576;1;Auction;2026-02-19 22:59 +0900
未開封 リアルバウト餓狼伝説スペシャル 純正インスト+取扱説明書 MVS ネオジオ SNK;https://page.auctions.yahoo.co.jp/jp/auction/x1217299749;¥1,800;1;Auction;2026-02-19 22:48 +0900
ネオジオ 餓狼伝説 リアルバウト ロムカセット NEOGEO（中古品）;https://page.auctions.yahoo.co.jp/jp/auction/u1219824025;¥26,000;7;Auction;2026-02-19 21:47 +0900
ネオジオ リアルバウト餓狼伝説 Special ロムカセット NEOGEO（中古品）;https://page.auctions.yahoo.co.jp/jp/auction/e1219835612;¥45,500;38;Auction;2026-02-19 21:21 +0900
熱闘リアルバウト餓狼伝説スペシャル ゲームボーイ GB;https://page.auctions.yahoo.co.jp/jp/auction/t1219487878;¥726;2;Auction;2026-02-18 22:12 +0900
△A369-41 SNK NEOGEO ROM ネオジオ ロム カセット REAL BOUT リアルバウト 餓狼伝説 【説明書なし】【動作未確認】【傷みあり】;https://page.auctions.yahoo.co.jp/jp/auction/s1217021147;¥14,000;1;Auction;2026-02-17 10:14 +0900
ゲームボーイ リアルバウト餓狼伝説スペシャル ソフトのみ;https://page.auctions.yahoo.co.jp/jp/auction/z541232240;¥1,500;1;Buy-Now;2026-02-16 14:07 +0900
熱闘リアルバウト餓狼伝説スペシャル ゲームボーイ GB;https://page.auctions.yahoo.co.jp/jp/auction/j1219354210;¥898;8;Auction;2026-02-15 23:01 +0900
★カード ゲーメストコレクション SNK リアルバウト餓狼伝説スペシャル 21種セット トレカ まとめ売り テリー REALBOUT FATAL FURY SPECIAL;https://page.auctions.yahoo.co.jp/jp/auction/e1218814530;¥1,260;6;Auction;2026-02-15 22:49 +0900
ゲーメストポスター ブルー・マリー リアルバウト 餓狼伝説2 SNK 西月力 GAMEST B2ポスター;https://page.auctions.yahoo.co.jp/jp/auction/j1219077946;¥2,980;1;Auction;2026-02-15 21:47 +0900
c10e　SNK新世界楽曲雑技団　CD　まとめて5枚セット　リアルバウト餓狼伝説/SPECIAL/龍虎の拳/幕末浪漫 月華の剣士;https://page.auctions.yahoo.co.jp/jp/auction/j1213808137;¥4,000;1;Auction;2026-02-15 21:27 +0900
ゲーメストポスター 不知火舞 リアルバウト餓狼伝説2 GAMEST B2ポスター;https://page.auctions.yahoo.co.jp/jp/auction/o1219083560;¥4,500;1;Auction;2026-02-15 21:20 +0900
1円〜 動作品 NG ネオジオROM リアルバウト餓狼伝説2 THE NEWCOMERS REAL BOUT RB2 SNK エスエヌケイ NEOGEO 箱説ハガキ付【10;https://page.auctions.yahoo.co.jp/jp/auction/d1219037937;¥66,110;51;Auction;2026-02-14 21:50 +0900
中古品　帯無し　ネオジオCD　NEOGEO CD リアルバウト餓狼伝説;https://page.auctions.yahoo.co.jp/jp/auction/o1218840650;¥1,200;1;Auction;2026-02-14 20:42 +0900
リアルバウト 餓狼伝説 サウンドトラック CD 帯付き 初回盤 ネオジオ Real Bout;https://page.auctions.yahoo.co.jp/jp/auction/x1195351756;¥2,000;1;Buy-Now;2026-02-14 08:37 +0900
ソフトのみ ゲームボーイ 熱闘 リアルバウト餓狼伝説スペシャル;https://page.auctions.yahoo.co.jp/jp/auction/v1219184107;¥880;1;Auction;2026-02-13 22:46 +0900
NGCD中古　リアルバウト餓狼伝説スペシャル　【管理番号：70018】;https://page.auctions.yahoo.co.jp/jp/auction/t1198004514;¥3,431;1;Auction;2026-02-13 21:57 +0900
リアルバウト餓狼伝説　SNK NEOGEO ネオジオ　アーケード　チラシ　カタログ　フライヤー　パンフレット　販促　ゲーム　 ;https://page.auctions.yahoo.co.jp/jp/auction/b1185588822;¥3,480;1;Auction;2026-02-13 01:33 +0900
【1円】PS リアルバウト餓狼伝説 ベスト ゲームソフト プレステ PS1 PlayStation 取説付き 未検品 1A0127-470hr/F8;https://page.auctions.yahoo.co.jp/jp/auction/v1219151932;¥561;10;Auction;2026-02-12 21:58 +0900
NG リアルバウト餓狼伝説;https://page.auctions.yahoo.co.jp/jp/auction/v1218918676;¥19,800;1;Auction;2026-02-11 22:44 +0900
初回限定2枚組 リアルバウト餓狼伝説スペシャル ドミネイテッド マインド SNK;https://page.auctions.yahoo.co.jp/jp/auction/z464271446;¥4,580;1;Buy-Now;2026-02-11 22:36 +0900
GB ゲームボーイ ソフト 悪魔城ドラキュラ 漆黒たる前奏曲 熱闘 リアルバウト 餓狼伝説スペシャル ぷよぷよ通 セット;https://page.auctions.yahoo.co.jp/jp/auction/n1218720975;¥6,350;5;Auction;2026-02-11 21:56 +0900
リアルバウト餓狼伝説 公式ガイドブック ゲーム攻略本;https://page.auctions.yahoo.co.jp/jp/auction/q1218593238;¥132;3;Auction;2026-02-10 22:06 +0900
■新品未開封品■ SNK エスエヌケイ NEOGEO CD ネオジオCD ゲームソフト REALBOUT リアルバウト 餓狼伝説 NGCD-095;https://page.auctions.yahoo.co.jp/jp/auction/b1185706991;¥13,000;1;Auction;2026-02-10 21:47 +0900
【PS】餓狼伝説シリーズ/餓狼伝説 ワイルドアンビション 完品/リアルバウト餓狼伝説スペシャル ドミネイテッドマインド/セット/美品;https://page.auctions.yahoo.co.jp/jp/auction/k1218350905;¥4,500;1;Buy-Now;2026-02-10 13:42 +0900
GB中古　熱闘 リアルバウト餓狼伝説スペシャル　【管理番号：60014】;https://page.auctions.yahoo.co.jp/jp/auction/h1203174474;¥1,188;1;Auction;2026-02-09 21:23 +0900
GAMEBOY ゲームボーイ　熱闘　リアルバウト餓狼伝説　SPECIAL;https://page.auctions.yahoo.co.jp/jp/auction/o1218050488;¥8,850;13;Auction;2026-02-08 22:40 +0900
【レトロゲーム】リアルバウト餓狼伝説■ネオジオCD SNK NEOGEO ロムカセット ゲームソフト GPN-26020101;https://page.auctions.yahoo.co.jp/jp/auction/1218043796;¥24,000;10;Auction;2026-02-08 21:01 +0900
1円〜 ネオジオ ロムカセット リアルバウト 餓狼伝説;https://page.auctions.yahoo.co.jp/jp/auction/w1218554495;¥30,800;37;Auction;2026-02-07 23:29 +0900
NEOGEO ソフト リアルバウト餓狼伝説スペシャル / ネオジオ ROM カセット　説明書　ロムカセット;https://page.auctions.yahoo.co.jp/jp/auction/b1217643147;¥47,500;6;Auction;2026-02-07 22:01 +0900
SS リアルバウト餓狼伝説スペシャル セガサターン;https://page.auctions.yahoo.co.jp/jp/auction/c1167749974;¥880;1;Auction;2026-02-07 20:27 +0900
【箱付き】【動作品】リアルバウト餓狼伝説2 ザ・ニューカマーズ ネオジオ NEOGEO;https://page.auctions.yahoo.co.jp/jp/auction/l1218139753;¥57,201;7;Auction;2026-02-05 22:05 +0900
【Aタイプ・PS・新品未開封品】リアルバウト餓狼伝説スペシャル ドミネイテッドマインド;https://page.auctions.yahoo.co.jp/jp/auction/1216679162;¥15,000;1;Buy-Now;2026-02-05 02:18 +0900
攻略本[リアルバウト餓狼伝説 公式ガイドブック] ネオジオ SNK 格闘ゲーム アスペクト【送料180円】;https://page.auctions.yahoo.co.jp/jp/auction/b1217721191;¥2,200;1;Auction;2026-02-04 22:24 +0900
中古ロム【リアルバウト餓狼伝説 / Real Bout Fatal Fury】＊SNK Neo Geo, タイトルシール付！;https://page.auctions.yahoo.co.jp/jp/auction/m1216512454;¥5,000;1;Auction;2026-02-04 21:00 +0900
Real Bout Fatal Fury リアルバウト餓狼伝説 スペシャル メガドライブ;https://page.auctions.yahoo.co.jp/jp/auction/l1217360196;¥12,500;12;Auction;2026-02-03 21:48 +0900
NEOGEO CD リアルバウト餓狼伝説;https://page.auctions.yahoo.co.jp/jp/auction/z422328786;¥3,000;1;Buy-Now;2026-02-02 23:42 +0900
SNKゲームカートリッジ　リアルバウト餓狼伝説2;https://page.auctions.yahoo.co.jp/jp/auction/u1217769349;¥8,027;3;Auction;2026-02-02 20:49 +0900
【PS】リアルバウト餓狼伝説 完品/餓狼伝説 ワイルドアンビジョン ハガキ付き/セット/美品;https://page.auctions.yahoo.co.jp/jp/auction/f1193277023;¥3,500;1;Buy-Now;2026-02-01 20:53 +0900
リアルバウト餓狼伝説 ハガキ付き セガサターン;https://page.auctions.yahoo.co.jp/jp/auction/o1217178141;¥2,600;11;Auction;2026-02-01 20:36 +0900
中古A★リアルバウト餓狼伝説★ネオジオCDソフト;https://page.auctions.yahoo.co.jp/jp/auction/q1191217668;¥2,739;1;Buy-Now;2026-02-01 18:16 +0900
NEOGEO CD ネオジオCD SNK リアルバウト 餓狼伝説2 CD-ROM ソフト ディスク 帯 説明書 はがき 付き 251103SK510234;https://page.auctions.yahoo.co.jp/jp/auction/v1216885654;¥4,224;1;Auction;2026-01-31 22:02 +0900
即決　ネオジオCD　帯のみ　リアルバウト餓狼伝説　同梱可　(ソフト無);https://page.auctions.yahoo.co.jp/jp/auction/n1217315474;¥500;1;Buy-Now;2026-01-31 10:08 +0900
PS リアルバウト餓狼伝説 PS1 プレイステーション G201/F4029;https://page.auctions.yahoo.co.jp/jp/auction/j1209426846;¥780;1;Auction;2026-01-31 01:35 +0900
GB ゲームボーイ 熱闘リアルバウト餓狼伝説スペシャル ソフトのみ 起動確認済;https://page.auctions.yahoo.co.jp/jp/auction/m1213003399;¥1,377;1;Auction;2026-01-30 21:57 +0900
★リアルバウト餓狼伝説 PIXELアクリルスタンド[仰ぎ] ダック・キング Pちゃん アクスタ KOF SNKOS-052 NEOGEO ネオジオ グッズ★;https://page.auctions.yahoo.co.jp/jp/auction/v1212276333;¥1,200;1;Buy-Now;2026-01-30 00:25 +0900
リアルバウト餓狼伝説2 THE NEWCOMERS　　テレホンカード 　　テレカ　ネオジオ;https://page.auctions.yahoo.co.jp/jp/auction/1216559327;¥11,000;1;Auction;2026-01-29 22:53 +0900
052-Y12) 当時物 SNK リアルバウト 餓狼伝説2 NEO・GEO ネオジオ 動作OK;https://page.auctions.yahoo.co.jp/jp/auction/p1217122047;¥5,501;15;Auction;2026-01-29 22:32 +0900
【1円】SNK リアルバウト餓狼伝説 NEOGEO ネオジオCD ROM レトロゲーム 取説付き 1A0310-180hr/F8;https://page.auctions.yahoo.co.jp/jp/auction/h1217453169;¥363;5;Auction;2026-01-29 21:49 +0900
1円〜 セガサターン ストリートファイターZERO2 リアルバウト餓狼伝説 他;https://page.auctions.yahoo.co.jp/jp/auction/e1217127600;¥1,980;7;Auction;2026-01-26 22:42 +0900
中古ロム【リアルバウト餓狼伝説スペシャル / Real Bout Fatal Fury Special】＊SNK Neo Geo、タイトルシール付！;https://page.auctions.yahoo.co.jp/jp/auction/g1216503125;¥6,000;1;Auction;2026-01-26 21:03 +0900
不知火舞 くじコレ B賞 B-02 勝利ポーズアクリルキーホルダー 未開封 SNK 不知火舞コレクション REAL BOUT 餓狼伝説 リアルバウト;https://page.auctions.yahoo.co.jp/jp/auction/t1215928904;¥555;1;Buy-Now;2026-01-26 09:38 +0900
中古品 ゲーム ネオジオ カセット SNK RB2 リアルバウト餓狼伝説2 対戦格闘アクション;https://page.auctions.yahoo.co.jp/jp/auction/1216679274;¥77,000;16;Auction;2026-01-26 00:01 +0900
A185-50●　リアルバウト餓狼伝説　カード21枚;https://page.auctions.yahoo.co.jp/jp/auction/n1216951120;¥1,300;16;Auction;2026-01-25 23:50 +0900
Yn5150 SNK NEOGEO ROM ネオジオ ロムカセットリアルバウト 餓狼伝説 説明書あり 簡易動作確認済 中古;https://page.auctions.yahoo.co.jp/jp/auction/v1216523795;¥23,500;22;Auction;2026-01-25 22:37 +0900
美品☆初代 ゲームボーイ 本体ソフトセット　ブラック　GAMEBOY ゲームボーイブロス 美品☆熱闘リアルバウト餓狼伝説スペシャル　Nintendo ;https://page.auctions.yahoo.co.jp/jp/auction/p1214021622;¥32,000;21;Auction;2026-01-25 22:27 +0900
【中古】NG）リアルバウト餓狼伝説スペシャル/ネオジオROM[240006506329];https://page.auctions.yahoo.co.jp/jp/auction/b1205072479;¥54,780;1;Auction;2026-01-25 22:20 +0900
リアルバウト 餓狼伝説スペシャル / NEOGEO ネオジオ;https://page.auctions.yahoo.co.jp/jp/auction/m1216526051;¥54,000;41;Auction;2026-01-25 22:09 +0900
リアルバウト餓狼伝説2 / NEOGEO ネオジオ;https://page.auctions.yahoo.co.jp/jp/auction/e1216524085;¥78,000;59;Auction;2026-01-25 22:08 +0900
リアルバウト餓狼伝説 / NEOGEO ネオジオ;https://page.auctions.yahoo.co.jp/jp/auction/o1216521734;¥25,501;34;Auction;2026-01-25 21:57 +0900
Yn5153 SNK NEOGEO ROM ネオジオ ロムカセットリアルバウト 餓狼伝説スペシャル 説明書あり 簡易動作確認済 中古;https://page.auctions.yahoo.co.jp/jp/auction/b1216520328;¥43,500;25;Auction;2026-01-25 21:54 +0900
【中古品】※破損あり　SNK　ネオジオROMソフト　リアルバウト　餓狼伝説スペシャル　ROMカセット（21626011501337HD）;https://page.auctions.yahoo.co.jp/jp/auction/p1216187317;¥23,650;2;Auction;2026-01-24 21:31 +0900
ネオジオCD「リアルバウト餓狼伝説」;https://page.auctions.yahoo.co.jp/jp/auction/k1215448385;¥1,000;1;Buy-Now;2026-01-24 18:21 +0900
メガドライブROM版　ファイナルファイトMD、リアルバウト餓狼伝説スペシャル、餓狼伝説1　セット;https://page.auctions.yahoo.co.jp/jp/auction/p1216682954;¥5,250;5;Auction;2026-01-23 23:12 +0900
6273 NEOGEO ネオジオ リアルバウト餓狼伝説2 THE ROM ROM SNK the 動作未確認;https://page.auctions.yahoo.co.jp/jp/auction/x1216159498;¥69,501;15;Auction;2026-01-23 23:00 +0900
PS リアルバウト餓狼伝説スペシャル ドミネイテッドマインド;https://page.auctions.yahoo.co.jp/jp/auction/z538615332;¥3,100;1;Buy-Now;2026-01-23 21:07 +0900
リアルバウト餓狼伝説スペシャルＳＫＩＬＬ　ＭＡＮＵＡＬ　Ｆｏｒ　Ｓａｔｕｒｎ （ゲーメストＥＸシリーズ） ＥＸムック編集部　編 ;https://page.auctions.yahoo.co.jp/jp/auction/z475803630;¥1,580;1;Buy-Now;2026-01-23 17:52 +0900
ネオジオCD リアルバウト餓狼伝説;https://page.auctions.yahoo.co.jp/jp/auction/x1215781233;¥700;2;Auction;2026-01-22 18:04 +0900
セガサターン ソフト まとめ売り キングオブファイターズ リアルバウト 餓狼伝説 天外魔境 白き魔女 サイバーボッツ;https://page.auctions.yahoo.co.jp/jp/auction/1216271851;¥7,050;6;Auction;2026-01-20 22:21 +0900
動作保証品 SS セガサターン リアルバウト餓狼伝説スペシャル お買い得セット エス・エヌ・ケイ SNK 箱説/拡張ラムカートリッジ付【10;https://page.auctions.yahoo.co.jp/jp/auction/o1216054625;¥1,760;6;Auction;2026-01-20 22:02 +0900
動作保証品 SS セガサターン リアルバウト餓狼伝説 拡張ラムカートリッジ付 REAL BOUT エス・エヌ・ケイ SNK 箱説付【10;https://page.auctions.yahoo.co.jp/jp/auction/r1216049946;¥1,760;3;Auction;2026-01-20 21:28 +0900
中古【プレイステーション攻略本 リアルバウト餓狼伝説スペシャル ドミネイテッドマインド　帯付き】餓狼伝説Special snk 不知火舞;https://page.auctions.yahoo.co.jp/jp/auction/b1198467841;¥3,800;1;Auction;2026-01-19 23:05 +0900
mW157a [箱説有] NEOGEO ソフト リアルバウト餓狼伝説 / ネオジオ ROM カセット☆ | ゲーム X;https://page.auctions.yahoo.co.jp/jp/auction/j1216037860;¥25,850;17;Auction;2026-01-19 22:42 +0900
mW156a [箱説有] NEOGEO ソフト リアルバウト餓狼伝説スペシャル / ネオジオ ROM カセット☆ | ゲーム X;https://page.auctions.yahoo.co.jp/jp/auction/s1216037420;¥42,350;18;Auction;2026-01-19 22:16 +0900
NEOGEO ROM　リアルバウト餓狼伝説２;https://page.auctions.yahoo.co.jp/jp/auction/1216557613;¥100,000;1;Auction;2026-01-19 21:37 +0900
NEOGEO CD リアルバウト餓狼伝説スペシャル ネオジオCD REALBOUT餓狼伝説SPECIAL;https://page.auctions.yahoo.co.jp/jp/auction/n1216349755;¥1,800;1;Auction;2026-01-19 21:16 +0900
SNK「リアルバウト餓狼伝説スペシャル」ネオジオCD版　ベルトスクロールアクションゲーム　中古未点検現状品　送料１８０円;https://page.auctions.yahoo.co.jp/jp/auction/q1211696243;¥1,000;1;Auction;2026-01-19 20:42 +0900
Nintendo Gameboy ゲームボーイ ソフト リアルバウト 餓狼伝説 SPECIAL 動作確認済み H-91;https://page.auctions.yahoo.co.jp/jp/auction/w1203674832;¥1,490;1;Buy-Now;2026-01-19 05:44 +0900
セガ　サターン用　SNK リアルバウト餓狼伝説　店頭用告知ポスター　;https://page.auctions.yahoo.co.jp/jp/auction/w1202242415;¥990;2;Auction;2026-01-19 00:02 +0900
未検品★NCD ネオジオCD サムライスピリッツ天草降臨/リアルバウト餓狼伝説/真サムライスピリッツ等 計6本セット d494;https://page.auctions.yahoo.co.jp/jp/auction/x1216053043;¥4,050;6;Auction;2026-01-18 22:51 +0900
GB レア！ 熱闘 リアルバウト餓狼伝説スペシャル ☆☆未開封品☆☆ 国内正規品 ゲームボーイ;https://page.auctions.yahoo.co.jp/jp/auction/g1215903416;¥13,055;3;Auction;2026-01-18 22:34 +0900
リアルバウト餓狼伝説スペシャル★ネオジオCD;https://page.auctions.yahoo.co.jp/jp/auction/k1215914068;¥1,700;6;Auction;2026-01-18 22:13 +0900
mY074a [箱説有] NEOGEO ソフト リアルバウト餓狼伝説2 THE NEWCOMERS RB2 / ネオジオ ROM カセット ☆ | ゲーム X;https://page.auctions.yahoo.co.jp/jp/auction/q1215867470;¥62,260;17;Auction;2026-01-18 22:10 +0900
リアルバウト餓狼伝説2★ネオジオCD;https://page.auctions.yahoo.co.jp/jp/auction/f1215918619;¥5,500;9;Auction;2026-01-18 22:05 +0900
mY051a [箱説有] SS ソフト リアルバウト餓狼伝説スペシャル 拡張RAMカートリッジ付 ☆ | ゲーム X;https://page.auctions.yahoo.co.jp/jp/auction/v1215863235;¥2,868;21;Auction;2026-01-17 22:55 +0900
GB TAKARA リアルバウト 餓狼伝説 SPECIAL 本体のみ;https://page.auctions.yahoo.co.jp/jp/auction/j1137850293;¥3,800;1;Auction;2026-01-17 19:22 +0900
ネオジオ業務用フルキットリアルバウト餓狼伝説 MVS NEOGEO ARCADE MVS FULL KIT ARCADE JAPAN RARE 希少品　美品 ;https://page.auctions.yahoo.co.jp/jp/auction/q1200190109;¥20,000;1;Buy-Now;2026-01-17 14:09 +0900
ネオジオCD リアルバウト餓狼伝説スペシャル;https://page.auctions.yahoo.co.jp/jp/auction/p1215778249;¥1,377;3;Auction;2026-01-16 20:45 +0900
中古ロム【リアルバウト餓狼伝説スペシャル / Real Bout Fatal Fury Special】＊SNK Neo Geo、タイトルシール付！;https://page.auctions.yahoo.co.jp/jp/auction/m1215392217;¥6,000;1;Auction;2026-01-15 21:48 +0900
●格闘ゲーム【リアルバウト餓狼伝説】ネオジオROM レトロゲーム　箱　説明書あり　0107;https://page.auctions.yahoo.co.jp/jp/auction/t1215071569;¥29,800;1;Buy-Now;2026-01-15 21:07 +0900
PS リアルバウト餓狼伝説スペシャル DOMINATED MIND;https://page.auctions.yahoo.co.jp/jp/auction/m1199671782;¥2,530;1;Auction;2026-01-14 22:17 +0900
動作保証品 NG ネオジオCD ザ・キング・オブ・ファイターズ’94/リアルバウト餓狼伝説 等 まとめて 4本セット 箱説帯付 ダブりなし【10;https://page.auctions.yahoo.co.jp/jp/auction/p1215199659;¥2,310;7;Auction;2026-01-14 21:47 +0900
PS リアルバウト餓狼伝説スペシャル DOMINATED MIND(限定版);https://page.auctions.yahoo.co.jp/jp/auction/v1214823802;¥2,970;1;Auction;2026-01-14 07:42 +0900
未検品★SS セガサターン XメンＶＳストリートファイター/リアルバウト餓狼伝説/サイバーボッツ等 計7本セット まとめ売り d386;https://page.auctions.yahoo.co.jp/jp/auction/x1214821404;¥3,422;10;Auction;2026-01-12 22:31 +0900
【箱付き】リアルバウト餓狼伝説スペシャル ネオジオCD;https://page.auctions.yahoo.co.jp/jp/auction/1215210086;¥2,805;6;Auction;2026-01-12 22:31 +0900
SNK PlayStation1 リアルバウト餓狼伝説 スペシャルドミネイテッドマインド ゲームソフト g26010035nn;https://page.auctions.yahoo.co.jp/jp/auction/j1215328789;¥1,981;3;Auction;2026-01-12 22:22 +0900
熱闘リアルバウト餓狼伝説スペシャル ゲームボーイ GB;https://page.auctions.yahoo.co.jp/jp/auction/l1215216867;¥913;1;Auction;2026-01-12 22:16 +0900
【箱付き】リアルバウト餓狼伝説 PS1;https://page.auctions.yahoo.co.jp/jp/auction/v1214962027;¥451;13;Auction;2026-01-11 22:31 +0900
◆◇キ360 NEOGEO ネオジオ ロムカセット ROM リアルバウト餓狼伝説 REAL BOUT SNK◇◆;https://page.auctions.yahoo.co.jp/jp/auction/m1215204932;¥22,000;4;Auction;2026-01-11 21:18 +0900
SS セガサターン ソフト リアルバウト餓狼伝説スペシャル 【B】;https://page.auctions.yahoo.co.jp/jp/auction/n1213159667;¥1,000;1;Auction;2026-01-11 20:37 +0900
セガサターン SSソフト リアルバウト餓狼伝説 拡張ラムカートリッジ付;https://page.auctions.yahoo.co.jp/jp/auction/z533251928;¥2,380;1;Buy-Now;2026-01-11 00:55 +0900
SNK NEOGEO MVS カートリッジ リアルバウト餓狼伝説 起動確認済 ネオジオ アーケード基板;https://page.auctions.yahoo.co.jp/jp/auction/j1214695289;¥5,471;16;Auction;2026-01-10 21:58 +0900
リアルバウト餓狼伝説スペシャル 告知 両面ポスター A2半裁サイズ SNK;https://page.auctions.yahoo.co.jp/jp/auction/1202652834;¥5,000;1;Buy-Now;2026-01-10 16:40 +0900
【帯 ハガキ有】リアルバウト餓狼伝説スペシャル NEOGEO CD ネオジオCD SNK;https://page.auctions.yahoo.co.jp/jp/auction/x1214993321;¥3,600;1;Auction;2026-01-09 22:19 +0900
【箱付き】リアルバウト餓狼伝説 セガサターン SS;https://page.auctions.yahoo.co.jp/jp/auction/r1214817374;¥2,660;23;Auction;2026-01-08 22:34 +0900
熱闘リアルバウト餓狼伝説スペシャル ゲームボーイ GB;https://page.auctions.yahoo.co.jp/jp/auction/j1214410270;¥748;2;Auction;2026-01-07 22:18 +0900
Real Bout Fatal Fury リアルバウト餓狼伝説 スペシャル メガドライブ;https://page.auctions.yahoo.co.jp/jp/auction/r1214244359;¥6,500;1;Auction;2026-01-07 22:05 +0900
SNK ネオジオ　 NEO GEO　餓狼伝説　リアルバウト　インスト　アーケード　レトロ　ゲーム　　筐体　餓狼伝説関係　チラシ　ゲーセン　取説;https://page.auctions.yahoo.co.jp/jp/auction/j1214262436;¥3,000;1;Auction;2026-01-06 21:47 +0900
SS リアルバウト餓狼伝説スペシャル セガサターン T-3117G;https://page.auctions.yahoo.co.jp/jp/auction/g1213752640;¥1,200;1;Buy-Now;2026-01-06 15:22 +0900
餓狼伝説　SPECIAL リアルバウト;https://page.auctions.yahoo.co.jp/jp/auction/c1192829994;¥1,000;1;Auction;2026-01-05 20:38 +0900
ネオジオ　リアルバウト餓狼伝説2 rom ロム;https://page.auctions.yahoo.co.jp/jp/auction/n1214782227;¥74,000;1;Auction;2026-01-05 16:19 +0900
SSセガサターンソフト 格ゲー14本セット キングオブファイターズ'95/ラストブロンクス/リアルバウト餓狼伝説/バーチャファイター;https://page.auctions.yahoo.co.jp/jp/auction/n1214584808;¥400;1;Auction;2026-01-05 14:36 +0900
●送料無料●帯付き・初回版●ネオジオ Real Bout リアルバウト 餓狼伝説 アレンジ サウンドトラック●SNK/NEOGEO/KOF/新世界楽曲雑技団●;https://page.auctions.yahoo.co.jp/jp/auction/h1212548183;¥3,500;1;Buy-Now;2026-01-05 04:02 +0900
【ネオジオ】　リアルバウト餓狼伝説　REAL BOUT がろうでんせつ　NEOGEO;https://page.auctions.yahoo.co.jp/jp/auction/p1190778681;¥1,650;1;Auction;2026-01-04 22:38 +0900
月刊ネオジオフリーク 付録無し 1996年2月1日 リアルバウト餓狼伝説 サムライスピリッツ【◇5DV1052】;https://page.auctions.yahoo.co.jp/jp/auction/k1207544117;¥1,000;1;Auction;2026-01-04 22:12 +0900
中古ロム【リアルバウト餓狼伝説 / Real Bout Fatal Fury】＊SNK Neo Geo, タイトルシール付！;https://page.auctions.yahoo.co.jp/jp/auction/h1211857056;¥5,000;1;Auction;2026-01-04 21:12 +0900
Z0Cё PS　リアルバウト 餓狼伝説スペシャル ドミネイテッドマインド　SNK　ベストコレクション ゲームソフト プレイステーション;https://page.auctions.yahoo.co.jp/jp/auction/c1191325437;¥2,000;1;Auction;2026-01-04 21:04 +0900
動作保証品 SS セガサターン リアルバウト餓狼伝説スペシャル お買得セット エス・エヌ・ケイ SNK 箱説/拡張ラムカートリッジ付【10;https://page.auctions.yahoo.co.jp/jp/auction/k1214106704;¥2,750;10;Auction;2026-01-03 21:09 +0900
【ケースダメージ大】リアルバウト餓狼伝説スペシャル ドミネイテッドマインド PS 帯なし;https://page.auctions.yahoo.co.jp/jp/auction/c1214355472;¥2,100;9;Auction;2026-01-03 20:45 +0900
ネオジオ リアルバウト餓狼伝説スペシャル NEOGEO ROM;https://page.auctions.yahoo.co.jp/jp/auction/q1214040700;¥54,000;41;Auction;2026-01-02 20:51 +0900
中古ネオジオCDソフト リアルバウト 餓狼伝説(CD-ROM);https://page.auctions.yahoo.co.jp/jp/auction/u1151853628;¥1,630;1;Buy-Now;2026-01-01 10:17 +0900
1円〜　美品 リアルバウト餓狼伝説スペシャル SNK NEOGEO 1996年　アクションゲーム　394メガ ネオジオ ROM 1224G①;https://page.auctions.yahoo.co.jp/jp/auction/v1213583173;¥55,000;16;Auction;2025-12-31 21:39 +0900
ジャンク　SNK ネオジオCD ゲーム 4点　真説サムライスピリッツ　リアルバウト餓狼伝説　キングオブファイターズ 94　スペシャルCD;https://page.auctions.yahoo.co.jp/jp/auction/v1213721308;¥3,111;6;Auction;2025-12-29 23:13 +0900
マニア向け 状態良好 リアルバウト 餓狼伝説 スペシャル ネオジオ CD NEO GEO NCD REALBOUT G58/F3581;https://page.auctions.yahoo.co.jp/jp/auction/b1206021231;¥1,500;1;Auction;2025-12-29 21:31 +0900
1円出品 GB ゲームボーイ 熱闘リアルバウト餓狼伝説スペシャル ソフトのみ 起動確認済;https://page.auctions.yahoo.co.jp/jp/auction/m1205529304;¥616;14;Auction;2025-12-27 22:05 +0900
A4189☆MVS SNK ROM リアルバウト餓狼伝説 スペシャル インスト純正 REAL BOUT SPECIAL RB 60;https://page.auctions.yahoo.co.jp/jp/auction/j1213132147;¥12,166;19;Auction;2025-12-27 21:09 +0900
ゲームボーイ リアルバウト餓狼伝説スペシャル;https://page.auctions.yahoo.co.jp/jp/auction/z530969108;¥780;1;Buy-Now;2025-12-26 11:40 +0900
Nintendo Gameboy ゲームボーイ ソフト リアルバウト 餓狼伝説 SPECIAL ソフトのみ 中古品;https://page.auctions.yahoo.co.jp/jp/auction/k1184719879;¥1,500;1;Auction;2025-12-25 21:56 +0900
【箱付き】【動作品】リアルバウト餓狼伝説 ネオジオ NEOGEO;https://page.auctions.yahoo.co.jp/jp/auction/l1212870684;¥24,750;6;Auction;2025-12-24 22:34 +0900
[1218-19] SNK MVS リアルバウト餓狼伝説2 アーケードゲーム 基板 カセット;https://page.auctions.yahoo.co.jp/jp/auction/l1212868445;¥8,250;10;Auction;2025-12-24 21:34 +0900
[1218-18] SNK MVS リアルバウト餓狼伝説2 アーケードゲーム 基板 カセット;https://page.auctions.yahoo.co.jp/jp/auction/m1212872276;¥8,250;7;Auction;2025-12-24 21:26 +0900
P-642　セガサターン　リアルバウト　餓狼伝説　RAMカートリッジ付き　２点+オマケ　動作OK　　　SB;https://page.auctions.yahoo.co.jp/jp/auction/o1213329164;¥3,000;1;Auction;2025-12-24 20:19 +0900
【NG】 リアルバウト餓狼伝説2 〜THE NEWCOMERS〜②;https://page.auctions.yahoo.co.jp/jp/auction/z532073320;¥70,000;1;Buy-Now;2025-12-23 23:41 +0900
TAKARA/タカラ GB ゲームボーイ 熱闘リアルバウト 餓狼伝説SPECIAL;https://page.auctions.yahoo.co.jp/jp/auction/b1212621230;¥5,170;1;Auction;2025-12-23 22:24 +0900
セガサターン　リアルバウト餓狼伝説　4M拡張ROM付き;https://page.auctions.yahoo.co.jp/jp/auction/z516649324;¥1,980;1;Buy-Now;2025-12-23 21:29 +0900
SNK NEOGEO REAL BOUT FATAL FURY リアルバウト餓狼伝説　B1サイズ・ポスター　未使用品;https://page.auctions.yahoo.co.jp/jp/auction/o1200400301;¥16,200;1;Auction;2025-12-23 20:42 +0900
◆PlayStation 1/プレイステーション 1/プレステ /PS 1 リアルバウト餓狼伝説スペシャル ドミネイテッドマインド ソフト;https://page.auctions.yahoo.co.jp/jp/auction/x1213025260;¥2,091;32;Auction;2025-12-22 22:24 +0900
1円出品 GB ゲームボーイ 熱闘リアルバウト餓狼伝説スペシャル ソフトのみ 起動確認済;https://page.auctions.yahoo.co.jp/jp/auction/o1208310529;¥825;18;Auction;2025-12-21 22:40 +0900
リアルバウト餓狼伝説 NGCD NEOGEOCD 動作確認済;https://page.auctions.yahoo.co.jp/jp/auction/o1196623914;¥2,680;1;Auction;2025-12-21 22:06 +0900
★リアルバウト餓狼伝説 PIXELアクリルスタンド[仰ぎ] 東丈 ジョー・ヒガシ アクスタ KOF SNKOS-052 NEOGEO ネオジオ グッズ★;https://page.auctions.yahoo.co.jp/jp/auction/q1212281308;¥1,200;1;Buy-Now;2025-12-21 21:11 +0900
ネオジオCD リアルバウト餓狼伝説2 NEOGEO CD SNK 帯付き 動作確認済;https://page.auctions.yahoo.co.jp/jp/auction/z518303850;¥5,600;1;Buy-Now;2025-12-21 09:01 +0900
セガサターン リアルバウト 餓狼伝説 スペシャル リアルバウト餓狼伝説スペシャル ゲームソフト;https://page.auctions.yahoo.co.jp/jp/auction/s1211617381;¥856;1;Auction;2025-12-20 22:18 +0900
極希少　月刊 GAMEST ゲーメスト　1997年2.28号　No.189　当時物/鉄拳3/ストリートファイターⅢ/リアルバウト餓狼伝説/電車でGO/ゲーム雑誌;https://page.auctions.yahoo.co.jp/jp/auction/1163937044;¥200;1;Auction;2025-12-20 21:39 +0900
RB2 リアルバウト餓狼伝説2 THE NEWCOMER☆ネオジオロムカセット☆NEOGEO☆SNK☆対戦格闘アクション☆ジャンク品;https://page.auctions.yahoo.co.jp/jp/auction/c1212794207;¥52,000;3;Auction;2025-12-20 20:30 +0900
ネオジオCD 餓狼伝説 リアルバウト 龍虎の拳 サムライスピリッツ　SNK NEOGEO;https://page.auctions.yahoo.co.jp/jp/auction/h1212625284;¥12,500;22;Auction;2025-12-19 23:32 +0900
SNK ネオジオ NEOGEO リアルバウト 餓狼伝説 PIXEL ピクセルアクリルスタンド アクリルスタンド ギース・ハワード;https://page.auctions.yahoo.co.jp/jp/auction/1212396287;¥440;7;Auction;2025-12-19 21:49 +0900
SNK ネオジオ NEOGEO アクリルスタンド PIXEL アクスタ ピクセルアクリルスタンド キム カッファン リアルバウト 餓狼伝説;https://page.auctions.yahoo.co.jp/jp/auction/w1212399517;¥310;3;Auction;2025-12-19 21:48 +0900
リアルバウト餓狼伝説　ベストコレクション セガサターン SS;https://page.auctions.yahoo.co.jp/jp/auction/p1212496829;¥564;28;Auction;2025-12-18 22:47 +0900
リアルバウト餓狼伝説スペシャル;https://page.auctions.yahoo.co.jp/jp/auction/b1182286119;¥2,024;1;Auction;2025-12-18 22:22 +0900
e310-60 セガサターン セガサターンソフト リアルバウト餓狼伝説 CDのみ バーチャファイター リミックス 非売品 特別限定版 SEGA SS;https://page.auctions.yahoo.co.jp/jp/auction/d1206820938;¥100;1;Auction;2025-12-17 22:26 +0900
[1213-03s] SNK MVS リアルバウト餓狼伝説スペシャル アーケードゲーム 基板 カセット;https://page.auctions.yahoo.co.jp/jp/auction/n1212243811;¥7,250;13;Auction;2025-12-17 21:21 +0900
【NGCD】 リアルバウト餓狼伝説スペシャル;https://page.auctions.yahoo.co.jp/jp/auction/z391680336;¥4,780;1;Buy-Now;2025-12-17 14:41 +0900
リアルバウト餓狼伝説2 リアルバウト餓狼伝説 ネオジオCD　２本セット SNK　両方帯有り;https://page.auctions.yahoo.co.jp/jp/auction/z511202054;¥7,300;1;Buy-Now;2025-12-17 14:39 +0900
セガサターン SSソフト リアルバウト餓狼伝説スペシャル;https://page.auctions.yahoo.co.jp/jp/auction/z515565900;¥2,500;1;Buy-Now;2025-12-17 03:53 +0900
【箱付き】リアルバウト餓狼伝説 ネオジオCD;https://page.auctions.yahoo.co.jp/jp/auction/e1212021291;¥918;12;Auction;2025-12-16 23:12 +0900
中古ロム【リアルバウト餓狼伝説スペシャル / Real Bout Fatal Fury Special】＊SNK Neo Geo、タイトルシール付！;https://page.auctions.yahoo.co.jp/jp/auction/e1211855466;¥6,000;1;Auction;2025-12-16 21:05 +0900
【箱説あり 起動確認済】SNK NEO GEO ROM ネオジオ ロムカセット リアルバウト 餓狼伝説 NGH-095 250114SK510010;https://page.auctions.yahoo.co.jp/jp/auction/p1212159726;¥25,300;9;Auction;2025-12-15 22:17 +0900
(管102461)【ゲームソフト】リアルバウト 餓狼伝説2 Real Bout RB2 THE NEWCOMERS ネオジオ ROM SNK 箱・説明書有 長期保管 動作未チェック;https://page.auctions.yahoo.co.jp/jp/auction/f1210071760;¥66,000;2;Auction;2025-12-15 21:43 +0900
熱闘リアルバウト餓狼伝説スペシャル;https://page.auctions.yahoo.co.jp/jp/auction/z525804660;¥1,100;1;Buy-Now;2025-12-15 12:29 +0900
リアルバウト餓狼伝説 説明書付き 動作確認済み NeoGeo ネオジオ Rom ロム REAL BOUT FATAL FURY ;https://page.auctions.yahoo.co.jp/jp/auction/j1211923464;¥13,500;12;Auction;2025-12-14 22:31 +0900
リアルバウト餓狼伝説スペシャル GB リアルバウト ゲームボーイ ソフトのみ ゲームボーイソフト 餓狼伝説スペシャル;https://page.auctions.yahoo.co.jp/jp/auction/1209759676;¥340;8;Auction;2025-12-14 20:28 +0900
SNK MVS リアルバウト 餓狼伝説スペシャル 動作未確認ジャンク品 オリジナルインストカード 帯 マニュアル表;https://page.auctions.yahoo.co.jp/jp/auction/q1212070205;¥8,581;9;Auction;2025-12-14 20:08 +0900
MVS　リアルバウト餓狼伝説スペシャル　純正インスト+取扱説明書+帯2本　S5A1;https://page.auctions.yahoo.co.jp/jp/auction/n1182783470;¥3,500;1;Auction;2025-12-14 18:32 +0900
MVS　リアルバウト餓狼伝説　純正インスト+取扱説明書+帯2本　S5F1;https://page.auctions.yahoo.co.jp/jp/auction/c1173918454;¥3,800;1;Auction;2025-12-14 18:32 +0900
MVS　リアルバウト餓狼伝説2　純正インスト+プラバン+取扱説明書+帯2本　S591;https://page.auctions.yahoo.co.jp/jp/auction/s1209163780;¥5,000;1;Auction;2025-12-14 18:31 +0900
ネオジオCD リアルバウト餓狼伝説;https://page.auctions.yahoo.co.jp/jp/auction/q1211904089;¥600;1;Auction;2025-12-13 23:00 +0900
動作保証品 SS セガサターン リアルバウト餓狼伝説 ベストコレクション エス・エヌ・ケイ SNK 箱説付【PP;https://page.auctions.yahoo.co.jp/jp/auction/s1211653260;¥2,420;8;Auction;2025-12-13 21:01 +0900
ゲームボーイ 熱闘 リアルバウト餓狼伝説スペシャル;https://page.auctions.yahoo.co.jp/jp/auction/z621210546;¥1,100;1;Buy-Now;2026-06-11 10:42 +0900
SS　リアルバウト餓狼伝説スペシャル(拡張ラムカートリッジ付属)　SNK;https://page.auctions.yahoo.co.jp/jp/auction/w1229734169;¥6,500;1;Buy-Now;2026-06-12 00:01 +0900
月刊ネオジオフリーク 1998年5月号 未使用ポスター付き NEOGEO FREAK リアルバウト餓狼伝説2 メタルスラッグ2;https://page.auctions.yahoo.co.jp/jp/auction/z558935324;¥3,500;1;Buy-Now;2026-06-11 23:17 +0900
▼リアルバウト餓狼伝説　▼PS プレイステーション専用ディスク▼SNK ▼SLPS 00640 ;https://page.auctions.yahoo.co.jp/jp/auction/1224894304;¥733;1;Auction;2026-06-11 22:34 +0900
【ネオジオMVS用・当時モノ】リアルバウト 餓狼伝説スペシャル【ROMカセット】;https://page.auctions.yahoo.co.jp/jp/auction/z614395684;¥30,700;1;Buy-Now;2026-06-11 16:14 +0900
ゲームボーイ 熱闘 リアルバウト餓狼伝説スペシャル ソフトのみ;https://page.auctions.yahoo.co.jp/jp/auction/z590706810;¥1,200;1;Buy-Now;2026-06-12 09:14 +0900
NCD リアルバウト餓狼伝説スペシャル;https://page.auctions.yahoo.co.jp/jp/auction/s1232800748;¥3,500;1;Auction;2026-06-12 22:16 +0900
NEOGEO ROM リアルバウト餓狼伝説スペシャル SNK;https://page.auctions.yahoo.co.jp/jp/auction/z626330632;¥75,000;1;Buy-Now;2026-06-14 09:42 +0900
【未使用】テレカ　餓狼伝説リアルバウト　ファミ通一族の陰謀　テリー・ボガード　アンディ・ボガード　ジョー東　 SNK;https://page.auctions.yahoo.co.jp/jp/auction/z531404872;¥3,300;1;Buy-Now;2026-06-13 23:45 +0900
PS リアルバウト餓狼伝説スペシャル DOMINATED MIND(限定版);https://page.auctions.yahoo.co.jp/jp/auction/q1232894107;¥1,322;5;Auction;2026-06-13 22:12 +0900
インスト 説明書 プラ板 帯 エスエヌケイ/SNK リアルバウト餓狼伝説スペシャル REALBOUT SPECIAL MVS【PP;https://page.auctions.yahoo.co.jp/jp/auction/g1232780349;¥2,046;5;Auction;2026-06-13 21:17 +0900
リアルバウト餓狼伝説 SNK ネオジオ MVS カートリッジ ゲーム基板;https://page.auctions.yahoo.co.jp/jp/auction/t1232935189;¥6,850;8;Auction;2026-06-13 21:06 +0900
NEOGEO ROMカセット リアルバウト餓狼伝説2 THE NEWCOMERS SNK;https://page.auctions.yahoo.co.jp/jp/auction/z626261654;¥55,000;1;Buy-Now;2026-06-13 19:45 +0900
Ah-169/電撃プレイステーション Vol.38 1997年1月31日発行 付録無し　ソウルエッジ 闘神伝3 リアルバウト餓狼伝説/L2/71217;https://page.auctions.yahoo.co.jp/jp/auction/c1212732486;¥486;1;Auction;2026-06-13 08:59 +0900
【NGCD】 リアルバウト餓狼伝説スペシャル;https://page.auctions.yahoo.co.jp/jp/auction/z627655628;¥2,550;1;Buy-Now;2026-06-16 11:51 +0900
SNK　NEOGEO　リアルバウト餓狼伝説　未使用インスト＆プラインスト＆説明書　保管品　アーカイブ用にいかがでしょう？;https://page.auctions.yahoo.co.jp/jp/auction/1232866502;¥2,700;26;Auction;2026-06-15 21:45 +0900
◯即決　GB　熱闘リアルバウト餓狼伝説スペシャル　　　何本でも同梱OK◯;https://page.auctions.yahoo.co.jp/jp/auction/u1095578842;¥1,100;1;Buy-Now;2026-06-15 21:17 +0900
SNK ネオジオ ROMカセット リアルバウト餓狼伝説　NEOGEOAES 説明書無;https://page.auctions.yahoo.co.jp/jp/auction/z626794512;¥39,900;1;Buy-Now;2026-06-15 06:12 +0900
【箱・取説あり】リアルバウト餓狼伝説 ネオジオ ROM NEOGEO SNK REALBOUT ロムカセット;https://page.auctions.yahoo.co.jp/jp/auction/r1231002586;¥56,800;1;Auction;2026-06-15 00:39 +0900
E【500円スタート】Nintendo GAME BOY ソフト 熱闘 リアルバウト 餓狼伝説 SPECIAL ゲームボーイソフト GB 箱 ;https://page.auctions.yahoo.co.jp/jp/auction/n1232942236;¥1,810;11;Auction;2026-06-14 22:37 +0900
セガサターン SS ソフトまとめ売り EVE 同級生 下級生 きゃんきゃんバニー サクラ大戦 卒業 餓狼伝説 リアルバウト ドランゴンボール;https://page.auctions.yahoo.co.jp/jp/auction/r1233248753;¥3,000;23;Auction;2026-06-14 22:25 +0900
SNK リアルバウト餓狼伝説2 テリーボガード B2サイズ ポスター 1枚 NEOGEO Reprinting Posters Selection;https://page.auctions.yahoo.co.jp/jp/auction/k1172315493;¥7,000;1;Auction;2026-06-14 21:11 +0900
リアルバウト　餓狼伝説　スペシャル　SS　セガサターン;https://page.auctions.yahoo.co.jp/jp/auction/r1191784532;¥1,800;2;Auction;2026-06-14 20:37 +0900
ネオジオROM リアルバウト餓狼伝説;https://page.auctions.yahoo.co.jp/jp/auction/v1233595049;¥50,000;1;Auction;2026-06-16 23:45 +0900
1円～ ネオ・ジオ CD ソフト ラストリゾート リアルバウト餓狼伝説スペシャル 他;https://page.auctions.yahoo.co.jp/jp/auction/t1233535354;¥15,972;14;Auction;2026-06-16 22:48 +0900
※ROMのみ エスエヌケイ/SNK リアルバウト餓狼伝説2 THE NEWCOMERS RB2 MVS 動作確認済【10;https://page.auctions.yahoo.co.jp/jp/auction/e1233341972;¥16,500;8;Auction;2026-06-17 21:29 +0900
月刊ネオジオフリーク 1997年2月号 未使用ポスター付き SNK NEOGEO FREAK リアルバウト餓狼伝説スペシャル;https://page.auctions.yahoo.co.jp/jp/auction/z559908268;¥3,400;1;Buy-Now;2026-06-21 11:24 +0900
【送料無料】 ネオジオ リアルバウト 餓狼伝説2 SNK RB2 Real Bout 餓狼伝説 NEOGEO;https://page.auctions.yahoo.co.jp/jp/auction/x1234284421;¥108,000;1;Buy-Now;2026-06-21 02:38 +0900
【NGCD】 リアルバウト餓狼伝説スペシャル;https://page.auctions.yahoo.co.jp/jp/auction/z628754826;¥2,850;1;Buy-Now;2026-06-20 21:49 +0900
GB ゲームボーイ ウィザードリィ/ポケットキョロちゃん/ゼルダの伝説/リアルバウト 餓狼伝説/ヘンべえ 等 まとめて100本 大量セット【10;https://page.auctions.yahoo.co.jp/jp/auction/s1233647319;¥30,550;32;Auction;2026-06-20 21:28 +0900
SNK ネオジオ ROMカセット リアルバウト餓狼伝説;https://page.auctions.yahoo.co.jp/jp/auction/z629948264;¥47,500;1;Buy-Now;2026-06-20 11:07 +0900
【乖壹02】リアルバウト餓狼伝説【SLPS-00640】;https://page.auctions.yahoo.co.jp/jp/auction/m1184395581;¥2,480;1;Buy-Now;2026-06-20 03:43 +0900
PS リアルバウト餓狼伝説スペシャル ドミネイテッドマインド 初回限定版 プレイステーション プレステ PS1;https://page.auctions.yahoo.co.jp/jp/auction/r1208747392;¥5,000;1;Buy-Now;2026-06-20 03:42 +0900
PS リアルバウト餓狼伝説スペシャル ドミネイテッドマインド 初回限定版;https://page.auctions.yahoo.co.jp/jp/auction/z564531078;¥5,600;1;Buy-Now;2026-06-19 20:32 +0900
不知火舞コスプレ衣装 餓狼伝説3 リアルバウト餓狼伝説　RB 格ゲー;https://page.auctions.yahoo.co.jp/jp/auction/o1234055375;¥21,000;12;Auction;2026-06-19 19:13 +0900
1円〜 SNK ゲームポスター まとめて リアルバウト餓狼伝説/THE KING OF FIGHTERS 97/月華の剣士 当時物 B1ポスター ネオジオ 希少 店頭用等;https://page.auctions.yahoo.co.jp/jp/auction/c1233185853;¥35,500;25;Auction;2026-06-18 22:43 +0900
中古ロム【リアルバウト餓狼伝説 / Real Bout Fatal Fury】＊SNK Neo Geo, タイトルシール付！;https://page.auctions.yahoo.co.jp/jp/auction/c1233637874;¥6,850;10;Auction;2026-06-18 21:36 +0900
【NEOGEO】 リアルバウト餓狼伝説 REAL BOUT FATAL FURY SNK ネオジオCD;https://page.auctions.yahoo.co.jp/jp/auction/z627215174;¥1,380;1;Buy-Now;2026-06-18 04:20 +0900
【箱付き】リアルバウト餓狼伝説スペシャル セガサターン SS;https://page.auctions.yahoo.co.jp/jp/auction/o1233753153;¥1,067;1;Auction;2026-06-21 22:36 +0900
リアルバウト餓狼伝説 ネオジオ ROM ロム 動作確認済　NEOGEO SNK;https://page.auctions.yahoo.co.jp/jp/auction/o1233634949;¥64,000;5;Auction;2026-06-21 22:29 +0900
c10e　リアルバウト餓狼伝説2　ゲーメストムック/PLUSシリーズ　アーケードゲーム　攻略本;https://page.auctions.yahoo.co.jp/jp/auction/u1213820676;¥4,000;1;Auction;2026-06-21 21:52 +0900
チラシ エスエヌケイ/SNK リアルバウト餓狼伝説2 THE NEWCOMERS RB2 ネオジオ NEOGEO パンフレット フライヤー【PP;https://page.auctions.yahoo.co.jp/jp/auction/w1233765549;¥5,885;10;Auction;2026-06-21 21:24 +0900
SNK ネオジオ ROMカセット リアルバウト餓狼伝説スペシャル;https://page.auctions.yahoo.co.jp/jp/auction/z629948334;¥71,750;1;Buy-Now;2026-06-23 14:03 +0900
【箱付き】【動作品】リアルバウト餓狼伝説スペシャル ネオジオ NEOGEO;https://page.auctions.yahoo.co.jp/jp/auction/p1234006323;¥110,000;17;Auction;2026-06-22 22:32 +0900
インスト 説明書 プラ板 帯 エスエヌケイ/SNK リアルバウト餓狼伝説スペシャル REALBOUT SPECIAL MVS【PP;https://page.auctions.yahoo.co.jp/jp/auction/u1234032663;¥3,850;25;Auction;2026-06-23 22:23 +0900
※箱のみ エスエヌケイ/SNK リアルバウト餓狼伝説スペシャル REALBOUT SPECIAL MVS 基板箱 輸送箱【10;https://page.auctions.yahoo.co.jp/jp/auction/x1234023608;¥1,540;5;Auction;2026-06-23 21:59 +0900
ジャンク？中古ロム【リアルバウト餓狼伝説スペシャル? / Real Bout Fatal Fury SP？】＊SNK Neo Geo;https://page.auctions.yahoo.co.jp/jp/auction/m1234280261;¥5,100;19;Auction;2026-06-23 21:16 +0900
※ROMのみ エスエヌケイ/SNK リアルバウト餓狼伝説 REALBOUT MVS プラ板純正 動作確認済【10;https://page.auctions.yahoo.co.jp/jp/auction/w1234026964;¥7,150;7;Auction;2026-06-23 21:11 +0900
リアルバウト餓狼伝説スペシャル ドミネイテッドマインド 初回限定版 SNKファン・コレクション イラスト/コスプレ NEOGEO PS レトロゲーム;https://page.auctions.yahoo.co.jp/jp/auction/u1234030704;¥3,780;1;Auction;2026-06-24 23:21 +0900
ネオジオCD リアルバウト餓狼伝説 新品未開封品;https://page.auctions.yahoo.co.jp/jp/auction/d1227912624;¥11,500;2;Auction;2026-06-30 11:34 +0900
●格闘ゲーム【リアルバウト餓狼伝説スペシャル】ネオジオROM レトロゲーム　箱　説明書あり 名作　ハガキ;https://page.auctions.yahoo.co.jp/jp/auction/f1233869101;¥61,000;29;Auction;2026-06-29 22:49 +0900
熱闘 リアルバウト餓狼伝説スペシャル ゲームボーイ GB 【動作確認済み】No.ゆ9;https://page.auctions.yahoo.co.jp/jp/auction/t1234473749;¥500;1;Auction;2026-06-29 21:51 +0900
動作保証品 PS プレステ リアルバウト餓狼伝説スペシャル ドミネイテッドマインド RealBout SPECIAL DOMINATED MIND 箱説付【PP;https://page.auctions.yahoo.co.jp/jp/auction/x1234702234;¥3,121;5;Auction;2026-06-29 21:17 +0900
SNK ネオジオ リアルバウト 餓狼伝説 スペシャル ゲーム ポスター チラシ　ステッカ－　セット売り;https://page.auctions.yahoo.co.jp/jp/auction/e1234821173;¥5,000;1;Auction;2026-06-28 22:15 +0900
チラシ エスエヌケイ/SNK リアルバウト餓狼伝説2 THE NEWCOMERS RB2 ネオジオ NEOGEO パンフレット【PP;https://page.auctions.yahoo.co.jp/jp/auction/e1234622000;¥6,600;23;Auction;2026-06-28 21:41 +0900
【1円】NEOGEO ネオジオ リアルバウト餓狼伝説スペシャル CDソフト 取説/帯付き未検品 1A0314-012su/F8;https://page.auctions.yahoo.co.jp/jp/auction/n1234990384;¥2,002;7;Auction;2026-06-28 21:37 +0900
NEOGEO ネオゲオ リアルバウト餓狼伝説2 THE NEWCOMERS CDソフト 取説/帯/はがき付き L01-194su/F3;https://page.auctions.yahoo.co.jp/jp/auction/e1234998932;¥7,975;14;Auction;2026-06-28 21:33 +0900
チラシ エスエヌケイ/SNK リアルバウト餓狼伝説2 THE NEWCOMERS RB2 ネオジオ NEOGEO フライヤー【PP;https://page.auctions.yahoo.co.jp/jp/auction/w1234604534;¥3,410;4;Auction;2026-06-28 21:13 +0900
SS セガサターン ソフト リアルバウト餓狼伝説 【B】;https://page.auctions.yahoo.co.jp/jp/auction/j1213156524;¥1,100;1;Auction;2026-06-28 20:14 +0900
◎　ＰＳ　別箱シリーズ【リアルバウト餓狼伝説】新品 別箱付き/説明書なし/動作保証付/2枚までクイックポストで送料185円;https://page.auctions.yahoo.co.jp/jp/auction/o1234249426;¥221;10;Auction;2026-06-28 00:31 +0900
リアルバウト餓狼伝説＆リアルバウト餓狼伝説スペシャル;https://page.auctions.yahoo.co.jp/jp/auction/z634612882;¥3,250;1;Buy-Now;2026-06-27 23:44 +0900
◆PlayStation1/プレイステーション1 リアルバウト餓狼伝説スパシャル ドミネイテッドマインド ソフト;https://page.auctions.yahoo.co.jp/jp/auction/1234725280;¥4,164;20;Auction;2026-06-27 22:42 +0900
1円～// NEOGEO ネオジオ ロムカセット リアルバウト餓狼伝説スペシャル SNK【中古】動作確認済み ゲームソフト;https://page.auctions.yahoo.co.jp/jp/auction/u1234490402;¥57,000;26;Auction;2026-06-27 22:41 +0900
【箱 説明書あり】ネオジオロムカセット SNK REAL BOUT 餓狼伝説 リアルバウト餓狼伝説 ネオジオROMカセット NGH-095 NEOGEO 箱説付き;https://page.auctions.yahoo.co.jp/jp/auction/n1234378238;¥50,000;1;Auction;2026-06-27 22:37 +0900
1円～// NEOGEO ネオジオ ロムカセット リアルバウト餓狼伝説 SNK【中古】動作確認済み ゲームソフト;https://page.auctions.yahoo.co.jp/jp/auction/u1234486273;¥46,000;30;Auction;2026-06-27 22:13 +0900
1円～// NEOGEO ネオジオ ロムカセット RB2 リアルバウト餓狼伝説2 THE NEWCOMERS SNK【中古】動作確認済み ゲームソフト;https://page.auctions.yahoo.co.jp/jp/auction/g1234480703;¥151,000;41;Auction;2026-06-27 21:54 +0900
NEOGEO リアルバウト餓狼伝説 ROMカセット SNK 箱・説明書付;https://page.auctions.yahoo.co.jp/jp/auction/u1234347826;¥50,000;26;Auction;2026-06-27 21:02 +0900
ゲームボーイ 熱闘 リアルバウト餓狼伝説スペシャル;https://page.auctions.yahoo.co.jp/jp/auction/z633885654;¥1,080;1;Buy-Now;2026-06-27 07:56 +0900
【送料無料】 SNK ネオジオCD 帯・ハガキ付き リアルバウト餓狼伝説スペシャル 【動作未確認】 NEOGEO CD Real Bout Fatal Fury Special;https://page.auctions.yahoo.co.jp/jp/auction/j1231613749;¥5,700;1;Auction;2026-06-27 01:33 +0900
CDB8-REAL BOUT リアルバウト　餓狼伝説;https://page.auctions.yahoo.co.jp/jp/auction/m1233923413;¥1,540;4;Auction;2026-06-26 21:35 +0900
NEO-GEO CD リアルバウト餓狼伝説2 THE NEWCOMERS SNK 1998;https://page.auctions.yahoo.co.jp/jp/auction/z628726946;¥5,500;1;Buy-Now;2026-06-26 17:25 +0900
リアルバウト餓狼伝説 アレンジサウンドトラックス PCCB-00207 CD;https://page.auctions.yahoo.co.jp/jp/auction/z598272406;¥2,799;1;Buy-Now;2026-06-26 17:10 +0900
